교육과정ID,교육차수ID,차수명,설문ID,설문명,설문유형,문항분류명,사번,No,문항ID,설문문항,점수,응답선택번호,답안내용,기타의견내용,만족도분류,만족도명,강사ID,설문제출시간,주요_감정,감정_강도,감정_분류,환영/호의,부담/안_내킴,경악,절망,슬픔,뿌듯함,역겨움/징그러움,서러움,고마움,힘듦/지침,당황/난처,죄책감,짜증,공포/무서움,존경,놀람,감동/감탄,기대감,안심/신뢰,신기함/관심,화남/분노,어이없음,불쌍함/연민,부끄러움,아껴주는,증오/혐오,우쭐댐/무시함,흐뭇함(귀여움/예쁨),행복,재미없음,없음,비장함,즐거움/신남,불평/불만,불안/걱정,기쁨,한심함,안타까움/실망,귀찮음,편안/쾌적,깨달음,패배/자기혐오,의심/불신,지긋지긋
87394,5211637,Value-Up프로그램(신입),3605,2025년 Value-up프로그램 2일차 설문,,서술형,5003772,37,46054,[2일차 전체] 교육을 수강하신 &#39;소감&#39;을 간략하게 전달 부탁드립니다.,0,업무와 관련해서 전반적인 지식을 쌓아 유익했습니다,,,M,운영만족도,0,20300000000000.0,안심/신뢰,0.8957734107971191,긍정,0.0,0.0,0.0,0.0,0.0,0.0,0.0,0.0,0.0,0.0,0.0,0.0,0.0,0.0,0.0,0.0,0.0,0.0,0.0,0.0,0.0,0.0,0.0,0.0,0.0,0.0,0.0,0.0,0.0,0.0,0.0,0.0,0.0,0.0,0.0,0.0,0.0,0.0,0.0,0.0,0.0,0.0,0.0,0.0
87394,5180504,Value-Up프로그램(신입),3610,2025년 Value-up프로그램 3일차 설문,,서술형,5003778,29,46134,[3일차 전체] 교육을 수강하신 &#39;소감&#39;을 간략하게 전달 부탁드립니다.,0,"현대제철의 문화, 안전, 나의 모습을 되돌아 볼 수 있었습니다.",,,M,운영만족도,0,20300000000000.0,깨달음,0.9196440577507019,중립,0.0,0.0,0.0,0.0,0.0,0.0,0.0,0.0,0.0,0.0,0.0,0.0,0.0,0.0,0.0,0.0,0.0,0.0,0.0,0.0,0.0,0.0,0.0,0.0,0.0,0.0,0.0,0.0,0.0,0.0,0.0,0.0,0.0,0.0,0.0,0.0,0.0,0.0,0.0,0.0,0.0,0.0,0.0,0.0
87394,5211640,Value-Up프로그램(신입),3615,2025년 Value-up프로그램 5일차 설문,,서술형,5003499,3,46193,[경영측 특강] 특강 수강 소감을 자유롭개 작성해 주시기 바랍니다.,0,직장생활을 하며 가져야할 태도에 대해 배울수 있어서 좋았습니다.,,,E,과정만족도,0,20300000000000.0,감동/감탄,0.8667891025543213,긍정,0.0,0.0,0.0,0.0,0.0,0.0,0.0,0.0,0.0,0.0,0.0,0.0,0.0,0.0,0.0,0.0,0.0,0.0,0.0,0.0,0.0,0.0,0.0,0.0,0.0,0.0,0.0,0.0,0.0,0.0,0.0,0.0,0.0,0.0,0.0,0.0,0.0,0.0,0.0,0.0,0.0,0.0,0.0,0.0
87394,5211636,Value-Up프로그램(신입),3604,2025년 Value-up프로그램 1일차 설문,,서술형,5003728,22,46012,[1일차] 교육을 수강하신 &#39;소감&#39;을 간략하게 전달 부탁드립니다.,0,즐거웠습니당,,,M,운영만족도,0,20300000000000.0,기쁨,0.8731344938278198,긍정,0.0,0.0,0.0,0.0,0.0,0.0,0.0,0.0,0.0,0.0,0.0,0.0,0.0,0.0,0.0,0.0,0.0,0.0,0.0,0.0,0.0,0.0,0.0,0.0,0.0,0.0,0.0,0.0,0.0,0.0,0.0,0.0,0.0,0.0,0.0,0.0,0.0,0.0,0.0,0.0,0.0,0.0,0.0,0.0
87394,5180504,Value-Up프로그램(신입),3610,2025년 Value-up프로그램 3일차 설문,,서술형,5003703,29,46134,[3일차 전체] 교육을 수강하신 &#39;소감&#39;을 간략하게 전달 부탁드립니다.,0,회사 생활을 위해 필요한 내용과 기업의 노력을 알 수 있게 되었습니다. 감사합니다.,,,M,운영만족도,0,20300000000000.0,고마움,0.9038347601890564,긍정,0.0,0.0,0.0,0.0,0.0,0.0,0.0,0.0,0.0,0.0,0.0,0.0,0.0,0.0,0.0,0.0,0.0,0.0,0.0,0.0,0.0,0.0,0.0,0.0,0.0,0.0,0.0,0.0,0.0,0.0,0.0,0.0,0.0,0.0,0.0,0.0,0.0,0.0,0.0,0.0,0.0,0.0,0.0,0.0
87394,5211640,Value-Up프로그램(신입),3615,2025년 Value-up프로그램 5일차 설문,,서술형,5003712,3,46193,[경영측 특강] 특강 수강 소감을 자유롭개 작성해 주시기 바랍니다.,0,현업에 적응을 위한 마음가짐을 배울 수 있어 좋았습니다.,,,E,과정만족도,0,20300000000000.0,안심/신뢰,0.8736530542373657,긍정,0.0,0.0,0.0,0.0,0.0,0.0,0.0,0.0,0.0,0.0,0.0,0.0,0.0,0.0,0.0,0.0,0.0,0.0,0.0,0.0,0.0,0.0,0.0,0.0,0.0,0.0,0.0,0.0,0.0,0.0,0.0,0.0,0.0,0.0,0.0,0.0,0.0,0.0,0.0,0.0,0.0,0.0,0.0,0.0
87394,5211639,Value-Up프로그램(신입),3612,2025년 Value-up프로그램 4일차 설문,,서술형,5003772,21,46158,[4일차 전체] 교육을 수강하신 &#39;소감&#39;을 간략하게 전달 부탁드립니다.,0,재밌습니다,,,M,운영만족도,0,20300000000000.0,즐거움/신남,0.9389783143997192,긍정,0.0,0.0,0.0,0.0,0.0,0.0,0.0,0.0,0.0,0.0,0.0,0.0,0.0,0.0,0.0,0.0,0.0,0.0,0.0,0.0,0.0,0.0,0.0,0.0,0.0,0.0,0.0,0.0,0.0,0.0,0.0,0.0,0.0,0.0,0.0,0.0,0.0,0.0,0.0,0.0,0.0,0.0,0.0,0.0
87394,5211636,Value-Up프로그램(신입),3604,2025년 Value-up프로그램 1일차 설문,,서술형,5003731,22,46012,[1일차] 교육을 수강하신 &#39;소감&#39;을 간략하게 전달 부탁드립니다.,0,처음 본 동기들과 빠르게 친해질 수 있는 컨텐츠 편성에 감사드립니다.,,,M,운영만족도,0,20300000000000.0,고마움,0.8969716429710388,긍정,0.0,0.0,0.0,0.0,0.0,0.0,0.0,0.0,0.0,0.0,0.0,0.0,0.0,0.0,0.0,0.0,0.0,0.0,0.0,0.0,0.0,0.0,0.0,0.0,0.0,0.0,0.0,0.0,0.0,0.0,0.0,0.0,0.0,0.0,0.0,0.0,0.0,0.0,0.0,0.0,0.0,0.0,0.0,0.0
87394,5211640,Value-Up프로그램(신입),3615,2025년 Value-up프로그램 5일차 설문,,서술형,5003723,3,46193,[경영측 특강] 특강 수강 소감을 자유롭개 작성해 주시기 바랍니다.,0,회사에서의 조직원으로서의 역량개발의 필요성과 다양한 경험의 필요성을 느낄 수 있었습니다,,,E,과정만족도,0,20300000000000.0,깨달음,0.9282838702201843,중립,0.0,0.0,0.0,0.0,0.0,0.0,0.0,0.0,0.0,0.0,0.0,0.0,0.0,0.0,0.0,0.0,0.0,0.0,0.0,0.0,0.0,0.0,0.0,0.0,0.0,0.0,0.0,0.0,0.0,0.0,0.0,0.0,0.0,0.0,0.0,0.0,0.0,0.0,0.0,0.0,0.0,0.0,0.0,0.0
87394,5211637,Value-Up프로그램(신입),3605,2025년 Value-up프로그램 2일차 설문,,서술형,5003773,37,46054,[2일차 전체] 교육을 수강하신 &#39;소감&#39;을 간략하게 전달 부탁드립니다.,0,실장님들 강연이 너무 좋았습니다,,,M,운영만족도,0,20300000000000.0,감동/감탄,0.8809691667556763,긍정,0.0,0.0,0.0,0.0,0.0,0.0,0.0,0.0,0.0,0.0,0.0,0.0,0.0,0.0,0.0,0.0,0.0,0.0,0.0,0.0,0.0,0.0,0.0,0.0,0.0,0.0,0.0,0.0,0.0,0.0,0.0,0.0,0.0,0.0,0.0,0.0,0.0,0.0,0.0,0.0,0.0,0.0,0.0,0.0
87394,5211636,Value-Up프로그램(신입),3604,2025년 Value-up프로그램 1일차 설문,,서술형,5003737,22,46012,[1일차] 교육을 수강하신 &#39;소감&#39;을 간략하게 전달 부탁드립니다.,0,소중한 시간이었습니다,,,M,운영만족도,0,20300000000000.0,기쁨,0.8288095593452454,긍정,0.0,0.0,0.0,0.0,0.0,0.0,0.0,0.0,0.0,0.0,0.0,0.0,0.0,0.0,0.0,0.0,0.0,0.0,0.0,0.0,0.0,0.0,0.0,0.0,0.0,0.0,0.0,0.0,0.0,0.0,0.0,0.0,0.0,0.0,0.0,0.0,0.0,0.0,0.0,0.0,0.0,0.0,0.0,0.0
87394,5211639,Value-Up프로그램(신입),3612,2025년 Value-up프로그램 4일차 설문,,서술형,5003744,21,46158,[4일차 전체] 교육을 수강하신 &#39;소감&#39;을 간략하게 전달 부탁드립니다.,0,팀워크의 중요성을 느낄수 있었습니다.,,,M,운영만족도,0,20300000000000.0,감동/감탄,0.9451701045036316,긍정,0.0,0.0,0.0,0.0,0.0,0.0,0.0,0.0,0.0,0.0,0.0,0.0,0.0,0.0,0.0,0.0,0.0,0.0,0.0,0.0,0.0,0.0,0.0,0.0,0.0,0.0,0.0,0.0,0.0,0.0,0.0,0.0,0.0,0.0,0.0,0.0,0.0,0.0,0.0,0.0,0.0,0.0,0.0,0.0
87394,5211636,Value-Up프로그램(신입),3604,2025년 Value-up프로그램 1일차 설문,,서술형,5003729,22,46012,[1일차] 교육을 수강하신 &#39;소감&#39;을 간략하게 전달 부탁드립니다.,0,"팀원들과 금방 친해질 수 있었고, 현대차그룹에 대한 내용을 다시 들을 수 있어 좋은 기회 였습니다.",,,M,운영만족도,0,20300000000000.0,안심/신뢰,0.9092029333114624,긍정,0.0,0.0,0.0,0.0,0.0,0.0,0.0,0.0,0.0,0.0,0.0,0.0,0.0,0.0,0.0,0.0,0.0,0.0,0.0,0.0,0.0,0.0,0.0,0.0,0.0,0.0,0.0,0.0,0.0,0.0,0.0,0.0,0.0,0.0,0.0,0.0,0.0,0.0,0.0,0.0,0.0,0.0,0.0,0.0
87394,5211640,Value-Up프로그램(신입),3615,2025년 Value-up프로그램 5일차 설문,,서술형,5003703,3,46193,[경영측 특강] 특강 수강 소감을 자유롭개 작성해 주시기 바랍니다.,0,같은 조 동기들과 함께 친해질 수 있는 기회가 있어 감사합니다.,,,E,과정만족도,0,20300000000000.0,고마움,0.866007387638092,긍정,0.0,0.0,0.0,0.0,0.0,0.0,0.0,0.0,0.0,0.0,0.0,0.0,0.0,0.0,0.0,0.0,0.0,0.0,0.0,0.0,0.0,0.0,0.0,0.0,0.0,0.0,0.0,0.0,0.0,0.0,0.0,0.0,0.0,0.0,0.0,0.0,0.0,0.0,0.0,0.0,0.0,0.0,0.0,0.0
87394,5180504,Value-Up프로그램(신입),3610,2025년 Value-up프로그램 3일차 설문,,서술형,5003728,29,46134,[3일차 전체] 교육을 수강하신 &#39;소감&#39;을 간략하게 전달 부탁드립니다.,0,굉장히 재미있었습니다.,,,M,운영만족도,0,20300000000000.0,즐거움/신남,0.898129940032959,긍정,0.0,0.0,0.0,0.0,0.0,0.0,0.0,0.0,0.0,0.0,0.0,0.0,0.0,0.0,0.0,0.0,0.0,0.0,0.0,0.0,0.0,0.0,0.0,0.0,0.0,0.0,0.0,0.0,0.0,0.0,0.0,0.0,0.0,0.0,0.0,0.0,0.0,0.0,0.0,0.0,0.0,0.0,0.0,0.0
87394,5211636,Value-Up프로그램(신입),3604,2025년 Value-up프로그램 1일차 설문,,서술형,5003746,22,46012,[1일차] 교육을 수강하신 &#39;소감&#39;을 간략하게 전달 부탁드립니다.,0,순식간에 흘러갔다,,,M,운영만족도,0,20300000000000.0,놀람,0.7602315545082092,중립,0.0,0.0,0.0,0.0,0.0,0.0,0.0,0.0,0.0,0.0,0.0,0.0,0.0,0.0,0.0,0.0,0.0,0.0,0.0,0.0,0.0,0.0,0.0,0.0,0.0,0.0,0.0,0.0,0.0,0.0,0.0,0.0,0.0,0.0,0.0,0.0,0.0,0.0,0.0,0.0,0.0,0.0,0.0,0.0
87394,5211639,Value-Up프로그램(신입),3612,2025년 Value-up프로그램 4일차 설문,,서술형,5003516,21,46158,[4일차 전체] 교육을 수강하신 &#39;소감&#39;을 간략하게 전달 부탁드립니다.,0,좋았습니다.,,,M,운영만족도,0,20300000000000.0,기쁨,0.9170737266540527,긍정,0.0,0.0,0.0,0.0,0.0,0.0,0.0,0.0,0.0,0.0,0.0,0.0,0.0,0.0,0.0,0.0,0.0,0.0,0.0,0.0,0.0,0.0,0.0,0.0,0.0,0.0,0.0,0.0,0.0,0.0,0.0,0.0,0.0,0.0,0.0,0.0,0.0,0.0,0.0,0.0,0.0,0.0,0.0,0.0
87394,5211640,Value-Up프로그램(신입),3615,2025년 Value-up프로그램 5일차 설문,,서술형,5003705,3,46193,[경영측 특강] 특강 수강 소감을 자유롭개 작성해 주시기 바랍니다.,0,앞으로 어떻게 회사생활할지에 대해 팁을 얻었다.,,,E,과정만족도,0,20300000000000.0,깨달음,0.938171923160553,중립,0.0,0.0,0.0,0.0,0.0,0.0,0.0,0.0,0.0,0.0,0.0,0.0,0.0,0.0,0.0,0.0,0.0,0.0,0.0,0.0,0.0,0.0,0.0,0.0,0.0,0.0,0.0,0.0,0.0,0.0,0.0,0.0,0.0,0.0,0.0,0.0,0.0,0.0,0.0,0.0,0.0,0.0,0.0,0.0
87394,5211636,Value-Up프로그램(신입),3604,2025년 Value-up프로그램 1일차 설문,,서술형,5003708,22,46012,[1일차] 교육을 수강하신 &#39;소감&#39;을 간략하게 전달 부탁드립니다.,0,신입사원 대상으로 좋은 교육 제공과 동기들과 커뮤니케이션 할수 있는 자리를 만들어주셔서 감사드립니다.,,,M,운영만족도,0,20300000000000.0,고마움,0.9400237202644348,긍정,0.0,0.0,0.0,0.0,0.0,0.0,0.0,0.0,0.0,0.0,0.0,0.0,0.0,0.0,0.0,0.0,0.0,0.0,0.0,0.0,0.0,0.0,0.0,0.0,0.0,0.0,0.0,0.0,0.0,0.0,0.0,0.0,0.0,0.0,0.0,0.0,0.0,0.0,0.0,0.0,0.0,0.0,0.0,0.0
87394,5211640,Value-Up프로그램(신입),3615,2025년 Value-up프로그램 5일차 설문,,서술형,5003736,3,46193,[경영측 특강] 특강 수강 소감을 자유롭개 작성해 주시기 바랍니다.,0,유익했습니다,,,E,과정만족도,0,20300000000000.0,기쁨,0.8662172555923462,긍정,0.0,0.0,0.0,0.0,0.0,0.0,0.0,0.0,0.0,0.0,0.0,0.0,0.0,0.0,0.0,0.0,0.0,0.0,0.0,0.0,0.0,0.0,0.0,0.0,0.0,0.0,0.0,0.0,0.0,0.0,0.0,0.0,0.0,0.0,0.0,0.0,0.0,0.0,0.0,0.0,0.0,0.0,0.0,0.0
87394,5211636,Value-Up프로그램(신입),3604,2025년 Value-up프로그램 1일차 설문,,서술형,5003498,22,46012,[1일차] 교육을 수강하신 &#39;소감&#39;을 간략하게 전달 부탁드립니다.,0,아주 만족스럽습니다. 앞으로의 일정이 기대됩니다.,,,M,운영만족도,0,20300000000000.0,기쁨,0.9373922348022461,긍정,0.0,0.0,0.0,0.0,0.0,0.0,0.0,0.0,0.0,0.0,0.0,0.0,0.0,0.0,0.0,0.0,0.0,0.0,0.0,0.0,0.0,0.0,0.0,0.0,0.0,0.0,0.0,0.0,0.0,0.0,0.0,0.0,0.0,0.0,0.0,0.0,0.0,0.0,0.0,0.0,0.0,0.0,0.0,0.0
87394,5211637,Value-Up프로그램(신입),3605,2025년 Value-up프로그램 2일차 설문,,서술형,5003710,37,46054,[2일차 전체] 교육을 수강하신 &#39;소감&#39;을 간략하게 전달 부탁드립니다.,0,"회사의 경영과정, 미래 전략, 공정 전반 등 알찬 내용이어서 의미있는 교육이었습니다.",,,M,운영만족도,0,20300000000000.0,안심/신뢰,0.8670243620872498,긍정,0.0,0.0,0.0,0.0,0.0,0.0,0.0,0.0,0.0,0.0,0.0,0.0,0.0,0.0,0.0,0.0,0.0,0.0,0.0,0.0,0.0,0.0,0.0,0.0,0.0,0.0,0.0,0.0,0.0,0.0,0.0,0.0,0.0,0.0,0.0,0.0,0.0,0.0,0.0,0.0,0.0,0.0,0.0,0.0
87394,5211639,Value-Up프로그램(신입),3612,2025년 Value-up프로그램 4일차 설문,,서술형,5003509,21,46158,[4일차 전체] 교육을 수강하신 &#39;소감&#39;을 간략하게 전달 부탁드립니다.,0,영상 찍는게 재미있었습니다,,,M,운영만족도,0,20300000000000.0,즐거움/신남,0.9103823304176331,긍정,0.0,0.0,0.0,0.0,0.0,0.0,0.0,0.0,0.0,0.0,0.0,0.0,0.0,0.0,0.0,0.0,0.0,0.0,0.0,0.0,0.0,0.0,0.0,0.0,0.0,0.0,0.0,0.0,0.0,0.0,0.0,0.0,0.0,0.0,0.0,0.0,0.0,0.0,0.0,0.0,0.0,0.0,0.0,0.0
87394,5211639,Value-Up프로그램(신입),3612,2025년 Value-up프로그램 4일차 설문,,서술형,5003784,21,46158,[4일차 전체] 교육을 수강하신 &#39;소감&#39;을 간략하게 전달 부탁드립니다.,0,자기주도적인 교육이 즐거웠다,,,M,운영만족도,0,20300000000000.0,기쁨,0.8804332613945007,긍정,0.0,0.0,0.0,0.0,0.0,0.0,0.0,0.0,0.0,0.0,0.0,0.0,0.0,0.0,0.0,0.0,0.0,0.0,0.0,0.0,0.0,0.0,0.0,0.0,0.0,0.0,0.0,0.0,0.0,0.0,0.0,0.0,0.0,0.0,0.0,0.0,0.0,0.0,0.0,0.0,0.0,0.0,0.0,0.0
87394,5211640,Value-Up프로그램(신입),3615,2025년 Value-up프로그램 5일차 설문,,서술형,5003513,3,46193,[경영측 특강] 특강 수강 소감을 자유롭개 작성해 주시기 바랍니다.,0,유익한 시간이였음,,,E,과정만족도,0,20300000000000.0,기쁨,0.8858117461204529,긍정,0.0,0.0,0.0,0.0,0.0,0.0,0.0,0.0,0.0,0.0,0.0,0.0,0.0,0.0,0.0,0.0,0.0,0.0,0.0,0.0,0.0,0.0,0.0,0.0,0.0,0.0,0.0,0.0,0.0,0.0,0.0,0.0,0.0,0.0,0.0,0.0,0.0,0.0,0.0,0.0,0.0,0.0,0.0,0.0
87394,5211640,Value-Up프로그램(신입),3615,2025년 Value-up프로그램 5일차 설문,,서술형,5003744,3,46193,[경영측 특강] 특강 수강 소감을 자유롭개 작성해 주시기 바랍니다.,0,"어떠한 마음 가짐, 어떠한 태도로 일에 임해야 할지 생각해볼 수 있는 좋은 시간이었습니다.",,,E,과정만족도,0,20300000000000.0,감동/감탄,0.8279938101768494,긍정,0.0,0.0,0.0,0.0,0.0,0.0,0.0,0.0,0.0,0.0,0.0,0.0,0.0,0.0,0.0,0.0,0.0,0.0,0.0,0.0,0.0,0.0,0.0,0.0,0.0,0.0,0.0,0.0,0.0,0.0,0.0,0.0,0.0,0.0,0.0,0.0,0.0,0.0,0.0,0.0,0.0,0.0,0.0,0.0
87394,5211636,Value-Up프로그램(신입),3604,2025년 Value-up프로그램 1일차 설문,,서술형,5003736,22,46012,[1일차] 교육을 수강하신 &#39;소감&#39;을 간략하게 전달 부탁드립니다.,0,내일이 기대됩니다,,,M,운영만족도,0,20300000000000.0,기대감,0.9235190749168396,긍정,0.0,0.0,0.0,0.0,0.0,0.0,0.0,0.0,0.0,0.0,0.0,0.0,0.0,0.0,0.0,0.0,0.0,0.0,0.0,0.0,0.0,0.0,0.0,0.0,0.0,0.0,0.0,0.0,0.0,0.0,0.0,0.0,0.0,0.0,0.0,0.0,0.0,0.0,0.0,0.0,0.0,0.0,0.0,0.0
87394,5211640,Value-Up프로그램(신입),3615,2025년 Value-up프로그램 5일차 설문,,서술형,5003498,3,46193,[경영측 특강] 특강 수강 소감을 자유롭개 작성해 주시기 바랍니다.,0,좋았습니다,,,E,과정만족도,0,20300000000000.0,기쁨,0.9203770160675049,긍정,0.0,0.0,0.0,0.0,0.0,0.0,0.0,0.0,0.0,0.0,0.0,0.0,0.0,0.0,0.0,0.0,0.0,0.0,0.0,0.0,0.0,0.0,0.0,0.0,0.0,0.0,0.0,0.0,0.0,0.0,0.0,0.0,0.0,0.0,0.0,0.0,0.0,0.0,0.0,0.0,0.0,0.0,0.0,0.0
87394,5211636,Value-Up프로그램(신입),3604,2025년 Value-up프로그램 1일차 설문,,서술형,5003518,22,46012,[1일차] 교육을 수강하신 &#39;소감&#39;을 간략하게 전달 부탁드립니다.,0,유익했습니다,,,M,운영만족도,0,20300000000000.0,기쁨,0.8662172555923462,긍정,0.0,0.0,0.0,0.0,0.0,0.0,0.0,0.0,0.0,0.0,0.0,0.0,0.0,0.0,0.0,0.0,0.0,0.0,0.0,0.0,0.0,0.0,0.0,0.0,0.0,0.0,0.0,0.0,0.0,0.0,0.0,0.0,0.0,0.0,0.0,0.0,0.0,0.0,0.0,0.0,0.0,0.0,0.0,0.0
87394,5211640,Value-Up프로그램(신입),3615,2025년 Value-up프로그램 5일차 설문,,서술형,5003701,3,46193,[경영측 특강] 특강 수강 소감을 자유롭개 작성해 주시기 바랍니다.,0,재밌었습니다,,,E,과정만족도,0,20300000000000.0,즐거움/신남,0.8911052346229553,긍정,0.0,0.0,0.0,0.0,0.0,0.0,0.0,0.0,0.0,0.0,0.0,0.0,0.0,0.0,0.0,0.0,0.0,0.0,0.0,0.0,0.0,0.0,0.0,0.0,0.0,0.0,0.0,0.0,0.0,0.0,0.0,0.0,0.0,0.0,0.0,0.0,0.0,0.0,0.0,0.0,0.0,0.0,0.0,0.0
87394,5180504,Value-Up프로그램(신입),3610,2025년 Value-up프로그램 3일차 설문,,서술형,5003498,29,46134,[3일차 전체] 교육을 수강하신 &#39;소감&#39;을 간략하게 전달 부탁드립니다.,0,아주 좋아요 내일도 기대됩니다,,,M,운영만족도,0,20300000000000.0,즐거움/신남,0.9507562518119812,긍정,0.0,0.0,0.0,0.0,0.0,0.0,0.0,0.0,0.0,0.0,0.0,0.0,0.0,0.0,0.0,0.0,0.0,0.0,0.0,0.0,0.0,0.0,0.0,0.0,0.0,0.0,0.0,0.0,0.0,0.0,0.0,0.0,0.0,0.0,0.0,0.0,0.0,0.0,0.0,0.0,0.0,0.0,0.0,0.0
87394,5211640,Value-Up프로그램(신입),3615,2025년 Value-up프로그램 5일차 설문,,서술형,5003724,3,46193,[경영측 특강] 특강 수강 소감을 자유롭개 작성해 주시기 바랍니다.,0,너무 재밌었어요,,,E,과정만족도,0,20300000000000.0,즐거움/신남,0.9118159413337708,긍정,0.0,0.0,0.0,0.0,0.0,0.0,0.0,0.0,0.0,0.0,0.0,0.0,0.0,0.0,0.0,0.0,0.0,0.0,0.0,0.0,0.0,0.0,0.0,0.0,0.0,0.0,0.0,0.0,0.0,0.0,0.0,0.0,0.0,0.0,0.0,0.0,0.0,0.0,0.0,0.0,0.0,0.0,0.0,0.0
87394,5211637,Value-Up프로그램(신입),3605,2025년 Value-up프로그램 2일차 설문,,서술형,5003513,37,46054,[2일차 전체] 교육을 수강하신 &#39;소감&#39;을 간략하게 전달 부탁드립니다.,0,동기들과 더욱 잘 알 수 있는 시간이였음,,,M,운영만족도,0,20300000000000.0,감동/감탄,0.8194171190261841,긍정,0.0,0.0,0.0,0.0,0.0,0.0,0.0,0.0,0.0,0.0,0.0,0.0,0.0,0.0,0.0,0.0,0.0,0.0,0.0,0.0,0.0,0.0,0.0,0.0,0.0,0.0,0.0,0.0,0.0,0.0,0.0,0.0,0.0,0.0,0.0,0.0,0.0,0.0,0.0,0.0,0.0,0.0,0.0,0.0
87394,5211640,Value-Up프로그램(신입),3615,2025년 Value-up프로그램 5일차 설문,,서술형,5003737,3,46193,[경영측 특강] 특강 수강 소감을 자유롭개 작성해 주시기 바랍니다.,0,유익한 시간이었습니다.,,,E,과정만족도,0,20300000000000.0,기쁨,0.8519462943077087,긍정,0.0,0.0,0.0,0.0,0.0,0.0,0.0,0.0,0.0,0.0,0.0,0.0,0.0,0.0,0.0,0.0,0.0,0.0,0.0,0.0,0.0,0.0,0.0,0.0,0.0,0.0,0.0,0.0,0.0,0.0,0.0,0.0,0.0,0.0,0.0,0.0,0.0,0.0,0.0,0.0,0.0,0.0,0.0,0.0
87394,5211637,Value-Up프로그램(신입),3605,2025년 Value-up프로그램 2일차 설문,,서술형,5003739,37,46054,[2일차 전체] 교육을 수강하신 &#39;소감&#39;을 간략하게 전달 부탁드립니다.,0,감사합니다.,,,M,운영만족도,0,20300000000000.0,고마움,0.9242295026779175,긍정,0.0,0.0,0.0,0.0,0.0,0.0,0.0,0.0,0.0,0.0,0.0,0.0,0.0,0.0,0.0,0.0,0.0,0.0,0.0,0.0,0.0,0.0,0.0,0.0,0.0,0.0,0.0,0.0,0.0,0.0,0.0,0.0,0.0,0.0,0.0,0.0,0.0,0.0,0.0,0.0,0.0,0.0,0.0,0.0
87394,5211637,Value-Up프로그램(신입),3605,2025년 Value-up프로그램 2일차 설문,,서술형,5003722,37,46054,[2일차 전체] 교육을 수강하신 &#39;소감&#39;을 간략하게 전달 부탁드립니다.,0,오전 게임과 오후 공정교육이 유익했다,,,M,운영만족도,0,20300000000000.0,기쁨,0.8367869853973389,긍정,0.0,0.0,0.0,0.0,0.0,0.0,0.0,0.0,0.0,0.0,0.0,0.0,0.0,0.0,0.0,0.0,0.0,0.0,0.0,0.0,0.0,0.0,0.0,0.0,0.0,0.0,0.0,0.0,0.0,0.0,0.0,0.0,0.0,0.0,0.0,0.0,0.0,0.0,0.0,0.0,0.0,0.0,0.0,0.0
87394,5211637,Value-Up프로그램(신입),3605,2025년 Value-up프로그램 2일차 설문,,서술형,5003715,37,46054,[2일차 전체] 교육을 수강하신 &#39;소감&#39;을 간략하게 전달 부탁드립니다.,0,현대제철의 어제와 오늘 그리고 내일을 확인할 수 있었던 하루여서 좋았습니다!,,,M,운영만족도,0,20300000000000.0,기쁨,0.9334218502044678,긍정,0.0,0.0,0.0,0.0,0.0,0.0,0.0,0.0,0.0,0.0,0.0,0.0,0.0,0.0,0.0,0.0,0.0,0.0,0.0,0.0,0.0,0.0,0.0,0.0,0.0,0.0,0.0,0.0,0.0,0.0,0.0,0.0,0.0,0.0,0.0,0.0,0.0,0.0,0.0,0.0,0.0,0.0,0.0,0.0
87394,5211639,Value-Up프로그램(신입),3612,2025년 Value-up프로그램 4일차 설문,,서술형,5003754,21,46158,[4일차 전체] 교육을 수강하신 &#39;소감&#39;을 간략하게 전달 부탁드립니다.,0,오늘 영상찍고 동기들하고 친해진것같아 너무 재밌었습니다,,,M,운영만족도,0,20300000000000.0,기쁨,0.9584861993789673,긍정,0.0,0.0,0.0,0.0,0.0,0.0,0.0,0.0,0.0,0.0,0.0,0.0,0.0,0.0,0.0,0.0,0.0,0.0,0.0,0.0,0.0,0.0,0.0,0.0,0.0,0.0,0.0,0.0,0.0,0.0,0.0,0.0,0.0,0.0,0.0,0.0,0.0,0.0,0.0,0.0,0.0,0.0,0.0,0.0
87394,5211636,Value-Up프로그램(신입),3604,2025년 Value-up프로그램 1일차 설문,,서술형,5003750,22,46012,[1일차] 교육을 수강하신 &#39;소감&#39;을 간략하게 전달 부탁드립니다.,0,조직에 한층 더 적응할 수 있는 기회였음,,,M,운영만족도,0,20300000000000.0,안심/신뢰,0.9289408326148987,긍정,0.0,0.0,0.0,0.0,0.0,0.0,0.0,0.0,0.0,0.0,0.0,0.0,0.0,0.0,0.0,0.0,0.0,0.0,0.0,0.0,0.0,0.0,0.0,0.0,0.0,0.0,0.0,0.0,0.0,0.0,0.0,0.0,0.0,0.0,0.0,0.0,0.0,0.0,0.0,0.0,0.0,0.0,0.0,0.0
87394,5211640,Value-Up프로그램(신입),3615,2025년 Value-up프로그램 5일차 설문,,서술형,5003516,3,46193,[경영측 특강] 특강 수강 소감을 자유롭개 작성해 주시기 바랍니다.,0,좋았습니다.,,,E,과정만족도,0,20300000000000.0,기쁨,0.9170737266540527,긍정,0.0,0.0,0.0,0.0,0.0,0.0,0.0,0.0,0.0,0.0,0.0,0.0,0.0,0.0,0.0,0.0,0.0,0.0,0.0,0.0,0.0,0.0,0.0,0.0,0.0,0.0,0.0,0.0,0.0,0.0,0.0,0.0,0.0,0.0,0.0,0.0,0.0,0.0,0.0,0.0,0.0,0.0,0.0,0.0
87394,5211636,Value-Up프로그램(신입),3604,2025년 Value-up프로그램 1일차 설문,,서술형,5003770,22,46012,[1일차] 교육을 수강하신 &#39;소감&#39;을 간략하게 전달 부탁드립니다.,0,여러 사업장의 동기들과 만나고 우리 회사의 헤리티지를 배울 수 있어 좋았습니다.,,,M,운영만족도,0,20300000000000.0,기쁨,0.9303488731384277,긍정,0.0,0.0,0.0,0.0,0.0,0.0,0.0,0.0,0.0,0.0,0.0,0.0,0.0,0.0,0.0,0.0,0.0,0.0,0.0,0.0,0.0,0.0,0.0,0.0,0.0,0.0,0.0,0.0,0.0,0.0,0.0,0.0,0.0,0.0,0.0,0.0,0.0,0.0,0.0,0.0,0.0,0.0,0.0,0.0
87394,5211636,Value-Up프로그램(신입),3604,2025년 Value-up프로그램 1일차 설문,,서술형,5003747,22,46012,[1일차] 교육을 수강하신 &#39;소감&#39;을 간략하게 전달 부탁드립니다.,0,매우 좋았습니다,,,M,운영만족도,0,20300000000000.0,기쁨,0.905892014503479,긍정,0.0,0.0,0.0,0.0,0.0,0.0,0.0,0.0,0.0,0.0,0.0,0.0,0.0,0.0,0.0,0.0,0.0,0.0,0.0,0.0,0.0,0.0,0.0,0.0,0.0,0.0,0.0,0.0,0.0,0.0,0.0,0.0,0.0,0.0,0.0,0.0,0.0,0.0,0.0,0.0,0.0,0.0,0.0,0.0
87394,5211640,Value-Up프로그램(신입),3615,2025년 Value-up프로그램 5일차 설문,,서술형,5003755,3,46193,[경영측 특강] 특강 수강 소감을 자유롭개 작성해 주시기 바랍니다.,0,실제 경영층과 대화해볼수있는 좋은 기회였습니다.,,,E,과정만족도,0,20300000000000.0,안심/신뢰,0.9141089916229248,긍정,0.0,0.0,0.0,0.0,0.0,0.0,0.0,0.0,0.0,0.0,0.0,0.0,0.0,0.0,0.0,0.0,0.0,0.0,0.0,0.0,0.0,0.0,0.0,0.0,0.0,0.0,0.0,0.0,0.0,0.0,0.0,0.0,0.0,0.0,0.0,0.0,0.0,0.0,0.0,0.0,0.0,0.0,0.0,0.0
87394,5211640,Value-Up프로그램(신입),3615,2025년 Value-up프로그램 5일차 설문,,서술형,5003743,3,46193,[경영측 특강] 특강 수강 소감을 자유롭개 작성해 주시기 바랍니다.,0,좋은말씀 감사합니다,,,E,과정만족도,0,20300000000000.0,고마움,0.8871150016784668,긍정,0.0,0.0,0.0,0.0,0.0,0.0,0.0,0.0,0.0,0.0,0.0,0.0,0.0,0.0,0.0,0.0,0.0,0.0,0.0,0.0,0.0,0.0,0.0,0.0,0.0,0.0,0.0,0.0,0.0,0.0,0.0,0.0,0.0,0.0,0.0,0.0,0.0,0.0,0.0,0.0,0.0,0.0,0.0,0.0
87394,5211640,Value-Up프로그램(신입),3615,2025년 Value-up프로그램 5일차 설문,,서술형,5003725,3,46193,[경영측 특강] 특강 수강 소감을 자유롭개 작성해 주시기 바랍니다.,0,어떠한 프로세스로 채용이 되는지에 대해서에 대해서 알 수 있어서 유익했습니다.,,,E,과정만족도,0,20300000000000.0,안심/신뢰,0.8521656394004822,긍정,0.0,0.0,0.0,0.0,0.0,0.0,0.0,0.0,0.0,0.0,0.0,0.0,0.0,0.0,0.0,0.0,0.0,0.0,0.0,0.0,0.0,0.0,0.0,0.0,0.0,0.0,0.0,0.0,0.0,0.0,0.0,0.0,0.0,0.0,0.0,0.0,0.0,0.0,0.0,0.0,0.0,0.0,0.0,0.0
86769,5065012,[DX Academy] Qlik 기본 기능 실습_초급 (1차수),3611,■ [DX Academy] Qlik 기본 기능 실습_초급 (1차수) 수강의견 조사 ■,,서술형,2019578,8,46131,교육을 수강하신 &#39;소감&#39;을 간략하게 전달 부탁드립니다.,0,데이터전략팀(특히 김재환책임님)의 교육운영은 매우 매끄럽고 효율적이었으나 강사의 전문성이나 강의운영이 버벅대고 좋지 못하였습니다.,,,M,운영만족도,0,20300000000000.0,안타까움/실망,0.9214968681335449,부정,0.0,0.0,0.0,0.0,0.0,0.0,0.0,0.0,0.0,0.0,0.0,0.0,0.0,0.0,0.0,0.0,0.0,0.0,0.0,0.0,0.0,0.0,0.0,0.0,0.0,0.0,0.0,0.0,0.0,0.0,0.0,0.0,0.0,0.0,0.0,0.0,0.0,0.0,0.0,0.0,0.0,0.0,0.0,0.0
87394,5211640,Value-Up프로그램(신입),3615,2025년 Value-up프로그램 5일차 설문,,서술형,5003740,3,46193,[경영측 특강] 특강 수강 소감을 자유롭개 작성해 주시기 바랍니다.,0,재밌었습니다!,,,E,과정만족도,0,20300000000000.0,즐거움/신남,0.9228629469871521,긍정,0.0,0.0,0.0,0.0,0.0,0.0,0.0,0.0,0.0,0.0,0.0,0.0,0.0,0.0,0.0,0.0,0.0,0.0,0.0,0.0,0.0,0.0,0.0,0.0,0.0,0.0,0.0,0.0,0.0,0.0,0.0,0.0,0.0,0.0,0.0,0.0,0.0,0.0,0.0,0.0,0.0,0.0,0.0,0.0
87394,5211636,Value-Up프로그램(신입),3604,2025년 Value-up프로그램 1일차 설문,,서술형,5003724,22,46012,[1일차] 교육을 수강하신 &#39;소감&#39;을 간략하게 전달 부탁드립니다.,0,새로운 동기들을 만나 알게되어 반가웠습니다,,,M,운영만족도,0,20300000000000.0,기쁨,0.9163303971290588,긍정,0.0,0.0,0.0,0.0,0.0,0.0,0.0,0.0,0.0,0.0,0.0,0.0,0.0,0.0,0.0,0.0,0.0,0.0,0.0,0.0,0.0,0.0,0.0,0.0,0.0,0.0,0.0,0.0,0.0,0.0,0.0,0.0,0.0,0.0,0.0,0.0,0.0,0.0,0.0,0.0,0.0,0.0,0.0,0.0
87394,5211639,Value-Up프로그램(신입),3612,2025년 Value-up프로그램 4일차 설문,,서술형,5003738,21,46158,[4일차 전체] 교육을 수강하신 &#39;소감&#39;을 간략하게 전달 부탁드립니다.,0,좋았습니다.,,,M,운영만족도,0,20300000000000.0,기쁨,0.9170737266540527,긍정,0.0,0.0,0.0,0.0,0.0,0.0,0.0,0.0,0.0,0.0,0.0,0.0,0.0,0.0,0.0,0.0,0.0,0.0,0.0,0.0,0.0,0.0,0.0,0.0,0.0,0.0,0.0,0.0,0.0,0.0,0.0,0.0,0.0,0.0,0.0,0.0,0.0,0.0,0.0,0.0,0.0,0.0,0.0,0.0
87394,5211637,Value-Up프로그램(신입),3605,2025년 Value-up프로그램 2일차 설문,,서술형,5003744,37,46054,[2일차 전체] 교육을 수강하신 &#39;소감&#39;을 간략하게 전달 부탁드립니다.,0,오늘 전반전인 제철소의 핵심 공정과정 및 제품에 대해서 배워서 좋았습니다. 추가로 회사의 방향성에 대해서 배울 수 있어서 좋았습니다.,,,M,운영만족도,0,20300000000000.0,기쁨,0.8797677159309387,긍정,0.0,0.0,0.0,0.0,0.0,0.0,0.0,0.0,0.0,0.0,0.0,0.0,0.0,0.0,0.0,0.0,0.0,0.0,0.0,0.0,0.0,0.0,0.0,0.0,0.0,0.0,0.0,0.0,0.0,0.0,0.0,0.0,0.0,0.0,0.0,0.0,0.0,0.0,0.0,0.0,0.0,0.0,0.0,0.0
87394,5211636,Value-Up프로그램(신입),3604,2025년 Value-up프로그램 1일차 설문,,서술형,5003743,22,46012,[1일차] 교육을 수강하신 &#39;소감&#39;을 간략하게 전달 부탁드립니다.,0,여러내용 정리할 수 있어 좋았습니다.,,,M,운영만족도,0,20300000000000.0,감동/감탄,0.8503609299659729,긍정,0.0,0.0,0.0,0.0,0.0,0.0,0.0,0.0,0.0,0.0,0.0,0.0,0.0,0.0,0.0,0.0,0.0,0.0,0.0,0.0,0.0,0.0,0.0,0.0,0.0,0.0,0.0,0.0,0.0,0.0,0.0,0.0,0.0,0.0,0.0,0.0,0.0,0.0,0.0,0.0,0.0,0.0,0.0,0.0
87394,5180504,Value-Up프로그램(신입),3610,2025년 Value-up프로그램 3일차 설문,,서술형,5003704,29,46134,[3일차 전체] 교육을 수강하신 &#39;소감&#39;을 간략하게 전달 부탁드립니다.,0,"너무 재밌었고, 내일 하게 될 활동이 기대된다.",,,M,운영만족도,0,20300000000000.0,즐거움/신남,0.9416617155075073,긍정,0.0,0.0,0.0,0.0,0.0,0.0,0.0,0.0,0.0,0.0,0.0,0.0,0.0,0.0,0.0,0.0,0.0,0.0,0.0,0.0,0.0,0.0,0.0,0.0,0.0,0.0,0.0,0.0,0.0,0.0,0.0,0.0,0.0,0.0,0.0,0.0,0.0,0.0,0.0,0.0,0.0,0.0,0.0,0.0
87394,5211639,Value-Up프로그램(신입),3612,2025년 Value-up프로그램 4일차 설문,,서술형,5003721,21,46158,[4일차 전체] 교육을 수강하신 &#39;소감&#39;을 간략하게 전달 부탁드립니다.,0,재밌게 잘 즐겼습니다,,,M,운영만족도,0,20300000000000.0,기쁨,0.9216248393058777,긍정,0.0,0.0,0.0,0.0,0.0,0.0,0.0,0.0,0.0,0.0,0.0,0.0,0.0,0.0,0.0,0.0,0.0,0.0,0.0,0.0,0.0,0.0,0.0,0.0,0.0,0.0,0.0,0.0,0.0,0.0,0.0,0.0,0.0,0.0,0.0,0.0,0.0,0.0,0.0,0.0,0.0,0.0,0.0,0.0
87394,5211637,Value-Up프로그램(신입),3605,2025년 Value-up프로그램 2일차 설문,,서술형,5003736,37,46054,[2일차 전체] 교육을 수강하신 &#39;소감&#39;을 간략하게 전달 부탁드립니다.,0,재밌었고 내일이 더 기대가 됩니다,,,M,운영만족도,0,20300000000000.0,즐거움/신남,0.9311551451683044,긍정,0.0,0.0,0.0,0.0,0.0,0.0,0.0,0.0,0.0,0.0,0.0,0.0,0.0,0.0,0.0,0.0,0.0,0.0,0.0,0.0,0.0,0.0,0.0,0.0,0.0,0.0,0.0,0.0,0.0,0.0,0.0,0.0,0.0,0.0,0.0,0.0,0.0,0.0,0.0,0.0,0.0,0.0,0.0,0.0
87394,5211639,Value-Up프로그램(신입),3612,2025년 Value-up프로그램 4일차 설문,,서술형,5003520,21,46158,[4일차 전체] 교육을 수강하신 &#39;소감&#39;을 간략하게 전달 부탁드립니다.,0,즐거웠습니다.,,,M,운영만족도,0,20300000000000.0,기쁨,0.7901166081428528,긍정,0.0,0.0,0.0,0.0,0.0,0.0,0.0,0.0,0.0,0.0,0.0,0.0,0.0,0.0,0.0,0.0,0.0,0.0,0.0,0.0,0.0,0.0,0.0,0.0,0.0,0.0,0.0,0.0,0.0,0.0,0.0,0.0,0.0,0.0,0.0,0.0,0.0,0.0,0.0,0.0,0.0,0.0,0.0,0.0
87394,5211640,Value-Up프로그램(신입),3615,2025년 Value-up프로그램 5일차 설문,,서술형,5003728,3,46193,[경영측 특강] 특강 수강 소감을 자유롭개 작성해 주시기 바랍니다.,0,친절하게 잘 설명해주셨습니다.,,,E,과정만족도,0,20300000000000.0,고마움,0.8364134430885315,긍정,0.0,0.0,0.0,0.0,0.0,0.0,0.0,0.0,0.0,0.0,0.0,0.0,0.0,0.0,0.0,0.0,0.0,0.0,0.0,0.0,0.0,0.0,0.0,0.0,0.0,0.0,0.0,0.0,0.0,0.0,0.0,0.0,0.0,0.0,0.0,0.0,0.0,0.0,0.0,0.0,0.0,0.0,0.0,0.0
87394,5211637,Value-Up프로그램(신입),3605,2025년 Value-up프로그램 2일차 설문,,서술형,5003746,37,46054,[2일차 전체] 교육을 수강하신 &#39;소감&#39;을 간략하게 전달 부탁드립니다.,0,재밌었다,,,M,운영만족도,0,20300000000000.0,즐거움/신남,0.9360910654067993,긍정,0.0,0.0,0.0,0.0,0.0,0.0,0.0,0.0,0.0,0.0,0.0,0.0,0.0,0.0,0.0,0.0,0.0,0.0,0.0,0.0,0.0,0.0,0.0,0.0,0.0,0.0,0.0,0.0,0.0,0.0,0.0,0.0,0.0,0.0,0.0,0.0,0.0,0.0,0.0,0.0,0.0,0.0,0.0,0.0
87394,5211637,Value-Up프로그램(신입),3605,2025년 Value-up프로그램 2일차 설문,,서술형,5003747,37,46054,[2일차 전체] 교육을 수강하신 &#39;소감&#39;을 간략하게 전달 부탁드립니다.,0,좋았습니다.,,,M,운영만족도,0,20300000000000.0,기쁨,0.9170737266540527,긍정,0.0,0.0,0.0,0.0,0.0,0.0,0.0,0.0,0.0,0.0,0.0,0.0,0.0,0.0,0.0,0.0,0.0,0.0,0.0,0.0,0.0,0.0,0.0,0.0,0.0,0.0,0.0,0.0,0.0,0.0,0.0,0.0,0.0,0.0,0.0,0.0,0.0,0.0,0.0,0.0,0.0,0.0,0.0,0.0
87394,5211639,Value-Up프로그램(신입),3612,2025년 Value-up프로그램 4일차 설문,,서술형,5003514,21,46158,[4일차 전체] 교육을 수강하신 &#39;소감&#39;을 간략하게 전달 부탁드립니다.,0,재미있었습니다,,,M,운영만족도,0,20300000000000.0,즐거움/신남,0.8911340236663818,긍정,0.0,0.0,0.0,0.0,0.0,0.0,0.0,0.0,0.0,0.0,0.0,0.0,0.0,0.0,0.0,0.0,0.0,0.0,0.0,0.0,0.0,0.0,0.0,0.0,0.0,0.0,0.0,0.0,0.0,0.0,0.0,0.0,0.0,0.0,0.0,0.0,0.0,0.0,0.0,0.0,0.0,0.0,0.0,0.0
87394,5211637,Value-Up프로그램(신입),3605,2025년 Value-up프로그램 2일차 설문,,서술형,5003721,37,46054,[2일차 전체] 교육을 수강하신 &#39;소감&#39;을 간략하게 전달 부탁드립니다.,0,직접 체험해볼 수 있어서 좋았습니다,,,M,운영만족도,0,20300000000000.0,기쁨,0.9221055507659912,긍정,0.0,0.0,0.0,0.0,0.0,0.0,0.0,0.0,0.0,0.0,0.0,0.0,0.0,0.0,0.0,0.0,0.0,0.0,0.0,0.0,0.0,0.0,0.0,0.0,0.0,0.0,0.0,0.0,0.0,0.0,0.0,0.0,0.0,0.0,0.0,0.0,0.0,0.0,0.0,0.0,0.0,0.0,0.0,0.0
87394,5211637,Value-Up프로그램(신입),3605,2025년 Value-up프로그램 2일차 설문,,서술형,5003757,37,46054,[2일차 전체] 교육을 수강하신 &#39;소감&#39;을 간략하게 전달 부탁드립니다.,0,내일도 파이팅!,,,M,운영만족도,0,20300000000000.0,기대감,0.871328592300415,긍정,0.0,0.0,0.0,0.0,0.0,0.0,0.0,0.0,0.0,0.0,0.0,0.0,0.0,0.0,0.0,0.0,0.0,0.0,0.0,0.0,0.0,0.0,0.0,0.0,0.0,0.0,0.0,0.0,0.0,0.0,0.0,0.0,0.0,0.0,0.0,0.0,0.0,0.0,0.0,0.0,0.0,0.0,0.0,0.0
87394,5180504,Value-Up프로그램(신입),3610,2025년 Value-up프로그램 3일차 설문,,서술형,5003509,29,46134,[3일차 전체] 교육을 수강하신 &#39;소감&#39;을 간략하게 전달 부탁드립니다.,0,유익한 하루였습니다,,,M,운영만족도,0,20300000000000.0,기쁨,0.8361271619796753,긍정,0.0,0.0,0.0,0.0,0.0,0.0,0.0,0.0,0.0,0.0,0.0,0.0,0.0,0.0,0.0,0.0,0.0,0.0,0.0,0.0,0.0,0.0,0.0,0.0,0.0,0.0,0.0,0.0,0.0,0.0,0.0,0.0,0.0,0.0,0.0,0.0,0.0,0.0,0.0,0.0,0.0,0.0,0.0,0.0
87394,5180504,Value-Up프로그램(신입),3610,2025년 Value-up프로그램 3일차 설문,,서술형,5003735,29,46134,[3일차 전체] 교육을 수강하신 &#39;소감&#39;을 간략하게 전달 부탁드립니다.,0,없습니다.,,,M,운영만족도,0,20300000000000.0,없음,0.8822814226150513,중립,0.0,0.0,0.0,0.0,0.0,0.0,0.0,0.0,0.0,0.0,0.0,0.0,0.0,0.0,0.0,0.0,0.0,0.0,0.0,0.0,0.0,0.0,0.0,0.0,0.0,0.0,0.0,0.0,0.0,0.0,0.0,0.0,0.0,0.0,0.0,0.0,0.0,0.0,0.0,0.0,0.0,0.0,0.0,0.0
87394,5211636,Value-Up프로그램(신입),3604,2025년 Value-up프로그램 1일차 설문,,서술형,5003784,22,46012,[1일차] 교육을 수강하신 &#39;소감&#39;을 간략하게 전달 부탁드립니다.,0,동기들을 만날 수 있어서 좋았습니다,,,M,운영만족도,0,20300000000000.0,기쁨,0.9689037799835205,긍정,0.0,0.0,0.0,0.0,0.0,0.0,0.0,0.0,0.0,0.0,0.0,0.0,0.0,0.0,0.0,0.0,0.0,0.0,0.0,0.0,0.0,0.0,0.0,0.0,0.0,0.0,0.0,0.0,0.0,0.0,0.0,0.0,0.0,0.0,0.0,0.0,0.0,0.0,0.0,0.0,0.0,0.0,0.0,0.0
87394,5211637,Value-Up프로그램(신입),3605,2025년 Value-up프로그램 2일차 설문,,서술형,5003738,37,46054,[2일차 전체] 교육을 수강하신 &#39;소감&#39;을 간략하게 전달 부탁드립니다.,0,오전 프로그램이 경영 이해도를 향상하는데 도움이 되었습니다. 오후의 강연 시간은 다소 긴 느낌이 있었습니다.,,,M,운영만족도,0,20300000000000.0,안심/신뢰,0.7257687449455261,긍정,0.0,0.0,0.0,0.0,0.0,0.0,0.0,0.0,0.0,0.0,0.0,0.0,0.0,0.0,0.0,0.0,0.0,0.0,0.0,0.0,0.0,0.0,0.0,0.0,0.0,0.0,0.0,0.0,0.0,0.0,0.0,0.0,0.0,0.0,0.0,0.0,0.0,0.0,0.0,0.0,0.0,0.0,0.0,0.0
87394,5211640,Value-Up프로그램(신입),3615,2025년 Value-up프로그램 5일차 설문,,서술형,5003753,3,46193,[경영측 특강] 특강 수강 소감을 자유롭개 작성해 주시기 바랍니다.,0,유익합니다,,,E,과정만족도,0,20300000000000.0,기쁨,0.8092796206474304,긍정,0.0,0.0,0.0,0.0,0.0,0.0,0.0,0.0,0.0,0.0,0.0,0.0,0.0,0.0,0.0,0.0,0.0,0.0,0.0,0.0,0.0,0.0,0.0,0.0,0.0,0.0,0.0,0.0,0.0,0.0,0.0,0.0,0.0,0.0,0.0,0.0,0.0,0.0,0.0,0.0,0.0,0.0,0.0,0.0
87394,5211640,Value-Up프로그램(신입),3615,2025년 Value-up프로그램 5일차 설문,,서술형,5003511,3,46193,[경영측 특강] 특강 수강 소감을 자유롭개 작성해 주시기 바랍니다.,0,앞으로 나아가야 할 로드맵 형성,,,E,과정만족도,0,20300000000000.0,기대감,0.8517568111419678,긍정,0.0,0.0,0.0,0.0,0.0,0.0,0.0,0.0,0.0,0.0,0.0,0.0,0.0,0.0,0.0,0.0,0.0,0.0,0.0,0.0,0.0,0.0,0.0,0.0,0.0,0.0,0.0,0.0,0.0,0.0,0.0,0.0,0.0,0.0,0.0,0.0,0.0,0.0,0.0,0.0,0.0,0.0,0.0,0.0
87394,5211640,Value-Up프로그램(신입),3615,2025년 Value-up프로그램 5일차 설문,,서술형,5003708,3,46193,[경영측 특강] 특강 수강 소감을 자유롭개 작성해 주시기 바랍니다.,0,좋았습니다,,,E,과정만족도,0,20300000000000.0,기쁨,0.9203770160675049,긍정,0.0,0.0,0.0,0.0,0.0,0.0,0.0,0.0,0.0,0.0,0.0,0.0,0.0,0.0,0.0,0.0,0.0,0.0,0.0,0.0,0.0,0.0,0.0,0.0,0.0,0.0,0.0,0.0,0.0,0.0,0.0,0.0,0.0,0.0,0.0,0.0,0.0,0.0,0.0,0.0,0.0,0.0,0.0,0.0
87394,5211640,Value-Up프로그램(신입),3615,2025년 Value-up프로그램 5일차 설문,,서술형,5003704,3,46193,[경영측 특강] 특강 수강 소감을 자유롭개 작성해 주시기 바랍니다.,0,실질적으로 와닿는 내용을 배울 수 있었다.,,,E,과정만족도,0,20300000000000.0,감동/감탄,0.8714743256568909,긍정,0.0,0.0,0.0,0.0,0.0,0.0,0.0,0.0,0.0,0.0,0.0,0.0,0.0,0.0,0.0,0.0,0.0,0.0,0.0,0.0,0.0,0.0,0.0,0.0,0.0,0.0,0.0,0.0,0.0,0.0,0.0,0.0,0.0,0.0,0.0,0.0,0.0,0.0,0.0,0.0,0.0,0.0,0.0,0.0
87394,5211637,Value-Up프로그램(신입),3605,2025년 Value-up프로그램 2일차 설문,,서술형,5003732,37,46054,[2일차 전체] 교육을 수강하신 &#39;소감&#39;을 간략하게 전달 부탁드립니다.,0,재밌었습니다ㅎㅎ,,,M,운영만족도,0,20300000000000.0,즐거움/신남,0.9206860065460205,긍정,0.0,0.0,0.0,0.0,0.0,0.0,0.0,0.0,0.0,0.0,0.0,0.0,0.0,0.0,0.0,0.0,0.0,0.0,0.0,0.0,0.0,0.0,0.0,0.0,0.0,0.0,0.0,0.0,0.0,0.0,0.0,0.0,0.0,0.0,0.0,0.0,0.0,0.0,0.0,0.0,0.0,0.0,0.0,0.0
87394,5211639,Value-Up프로그램(신입),3612,2025년 Value-up프로그램 4일차 설문,,서술형,5003732,21,46158,[4일차 전체] 교육을 수강하신 &#39;소감&#39;을 간략하게 전달 부탁드립니다.,0,"무엇보다 특별하고 인상적인 체험이었습니다
감독, 촬영, 기획의 모든 관점에서 생각해 볼 수 있는 좋은 경험이었습니다
동료들이랑 엄청 친해질 수도 있었어요
감사합니다",,,M,운영만족도,0,20300000000000.0,감동/감탄,0.9477511644363403,긍정,0.0,0.0,0.0,0.0,0.0,0.0,0.0,0.0,0.0,0.0,0.0,0.0,0.0,0.0,0.0,0.0,0.0,0.0,0.0,0.0,0.0,0.0,0.0,0.0,0.0,0.0,0.0,0.0,0.0,0.0,0.0,0.0,0.0,0.0,0.0,0.0,0.0,0.0,0.0,0.0,0.0,0.0,0.0,0.0
86769,5065012,[DX Academy] Qlik 기본 기능 실습_초급 (1차수),3611,■ [DX Academy] Qlik 기본 기능 실습_초급 (1차수) 수강의견 조사 ■,,서술형,2017046,8,46131,교육을 수강하신 &#39;소감&#39;을 간략하게 전달 부탁드립니다.,0,"과정을 모두 끝마치지 않고, 교육이 종료되는 것이 아쉽습니다.",,,M,운영만족도,0,20300000000000.0,안타까움/실망,0.9570884108543396,부정,0.0,0.0,0.0,0.0,0.0,0.0,0.0,0.0,0.0,0.0,0.0,0.0,0.0,0.0,0.0,0.0,0.0,0.0,0.0,0.0,0.0,0.0,0.0,0.0,0.0,0.0,0.0,0.0,0.0,0.0,0.0,0.0,0.0,0.0,0.0,0.0,0.0,0.0,0.0,0.0,0.0,0.0,0.0,0.0
86769,5065012,[DX Academy] Qlik 기본 기능 실습_초급 (1차수),3611,■ [DX Academy] Qlik 기본 기능 실습_초급 (1차수) 수강의견 조사 ■,,서술형,2041035,8,46131,교육을 수강하신 &#39;소감&#39;을 간략하게 전달 부탁드립니다.,0,실습위주로 전달하는 점에서 매우 유용했음,,,M,운영만족도,0,20300000000000.0,안심/신뢰,0.9165292382240295,긍정,0.0,0.0,0.0,0.0,0.0,0.0,0.0,0.0,0.0,0.0,0.0,0.0,0.0,0.0,0.0,0.0,0.0,0.0,0.0,0.0,0.0,0.0,0.0,0.0,0.0,0.0,0.0,0.0,0.0,0.0,0.0,0.0,0.0,0.0,0.0,0.0,0.0,0.0,0.0,0.0,0.0,0.0,0.0,0.0
87394,5211640,Value-Up프로그램(신입),3615,2025년 Value-up프로그램 5일차 설문,,서술형,5003517,3,46193,[경영측 특강] 특강 수강 소감을 자유롭개 작성해 주시기 바랍니다.,0,너무 즐겁고 재밌는 과정이였습니다.,,,E,과정만족도,0,20300000000000.0,즐거움/신남,0.9106160998344421,긍정,0.0,0.0,0.0,0.0,0.0,0.0,0.0,0.0,0.0,0.0,0.0,0.0,0.0,0.0,0.0,0.0,0.0,0.0,0.0,0.0,0.0,0.0,0.0,0.0,0.0,0.0,0.0,0.0,0.0,0.0,0.0,0.0,0.0,0.0,0.0,0.0,0.0,0.0,0.0,0.0,0.0,0.0,0.0,0.0
87394,5180504,Value-Up프로그램(신입),3610,2025년 Value-up프로그램 3일차 설문,,서술형,5003702,29,46134,[3일차 전체] 교육을 수강하신 &#39;소감&#39;을 간략하게 전달 부탁드립니다.,0,컨텐츠가 다양하게 구성되어 흥미롭고 유익,,,M,운영만족도,0,20300000000000.0,감동/감탄,0.8949135541915894,긍정,0.0,0.0,0.0,0.0,0.0,0.0,0.0,0.0,0.0,0.0,0.0,0.0,0.0,0.0,0.0,0.0,0.0,0.0,0.0,0.0,0.0,0.0,0.0,0.0,0.0,0.0,0.0,0.0,0.0,0.0,0.0,0.0,0.0,0.0,0.0,0.0,0.0,0.0,0.0,0.0,0.0,0.0,0.0,0.0
87394,5211637,Value-Up프로그램(신입),3605,2025년 Value-up프로그램 2일차 설문,,서술형,5003731,37,46054,[2일차 전체] 교육을 수강하신 &#39;소감&#39;을 간략하게 전달 부탁드립니다.,0,오늘도 알찬 교육이었습니다!,,,M,운영만족도,0,20300000000000.0,기쁨,0.9114687442779541,긍정,0.0,0.0,0.0,0.0,0.0,0.0,0.0,0.0,0.0,0.0,0.0,0.0,0.0,0.0,0.0,0.0,0.0,0.0,0.0,0.0,0.0,0.0,0.0,0.0,0.0,0.0,0.0,0.0,0.0,0.0,0.0,0.0,0.0,0.0,0.0,0.0,0.0,0.0,0.0,0.0,0.0,0.0,0.0,0.0
87394,5211637,Value-Up프로그램(신입),3605,2025년 Value-up프로그램 2일차 설문,,서술형,5003737,37,46054,[2일차 전체] 교육을 수강하신 &#39;소감&#39;을 간략하게 전달 부탁드립니다.,0,유익한 시간이었습니다.,,,M,운영만족도,0,20300000000000.0,기쁨,0.8519462943077087,긍정,0.0,0.0,0.0,0.0,0.0,0.0,0.0,0.0,0.0,0.0,0.0,0.0,0.0,0.0,0.0,0.0,0.0,0.0,0.0,0.0,0.0,0.0,0.0,0.0,0.0,0.0,0.0,0.0,0.0,0.0,0.0,0.0,0.0,0.0,0.0,0.0,0.0,0.0,0.0,0.0,0.0,0.0,0.0,0.0
87394,5211640,Value-Up프로그램(신입),3615,2025년 Value-up프로그램 5일차 설문,,서술형,5003747,3,46193,[경영측 특강] 특강 수강 소감을 자유롭개 작성해 주시기 바랍니다.,0,좋았습니다,,,E,과정만족도,0,20300000000000.0,기쁨,0.9203770160675049,긍정,0.0,0.0,0.0,0.0,0.0,0.0,0.0,0.0,0.0,0.0,0.0,0.0,0.0,0.0,0.0,0.0,0.0,0.0,0.0,0.0,0.0,0.0,0.0,0.0,0.0,0.0,0.0,0.0,0.0,0.0,0.0,0.0,0.0,0.0,0.0,0.0,0.0,0.0,0.0,0.0,0.0,0.0,0.0,0.0
87394,5180504,Value-Up프로그램(신입),3610,2025년 Value-up프로그램 3일차 설문,,서술형,5003515,29,46134,[3일차 전체] 교육을 수강하신 &#39;소감&#39;을 간략하게 전달 부탁드립니다.,0,강의 준비가 잘 되었다고 생각함,,,M,운영만족도,0,20300000000000.0,안심/신뢰,0.9196354150772095,긍정,0.0,0.0,0.0,0.0,0.0,0.0,0.0,0.0,0.0,0.0,0.0,0.0,0.0,0.0,0.0,0.0,0.0,0.0,0.0,0.0,0.0,0.0,0.0,0.0,0.0,0.0,0.0,0.0,0.0,0.0,0.0,0.0,0.0,0.0,0.0,0.0,0.0,0.0,0.0,0.0,0.0,0.0,0.0,0.0
87394,5211640,Value-Up프로그램(신입),3615,2025년 Value-up프로그램 5일차 설문,,서술형,5003775,3,46193,[경영측 특강] 특강 수강 소감을 자유롭개 작성해 주시기 바랍니다.,0,깊이가 있었다,,,E,과정만족도,0,20300000000000.0,감동/감탄,0.9593867063522339,긍정,0.0,0.0,0.0,0.0,0.0,0.0,0.0,0.0,0.0,0.0,0.0,0.0,0.0,0.0,0.0,0.0,0.0,0.0,0.0,0.0,0.0,0.0,0.0,0.0,0.0,0.0,0.0,0.0,0.0,0.0,0.0,0.0,0.0,0.0,0.0,0.0,0.0,0.0,0.0,0.0,0.0,0.0,0.0,0.0
87394,5211639,Value-Up프로그램(신입),3612,2025년 Value-up프로그램 4일차 설문,,서술형,5003745,21,46158,[4일차 전체] 교육을 수강하신 &#39;소감&#39;을 간략하게 전달 부탁드립니다.,0,활동적인 오후를 보내 좋았습니다,,,M,운영만족도,0,20300000000000.0,기쁨,0.9309229254722595,긍정,0.0,0.0,0.0,0.0,0.0,0.0,0.0,0.0,0.0,0.0,0.0,0.0,0.0,0.0,0.0,0.0,0.0,0.0,0.0,0.0,0.0,0.0,0.0,0.0,0.0,0.0,0.0,0.0,0.0,0.0,0.0,0.0,0.0,0.0,0.0,0.0,0.0,0.0,0.0,0.0,0.0,0.0,0.0,0.0
87394,5211640,Value-Up프로그램(신입),3615,2025년 Value-up프로그램 5일차 설문,,서술형,5003729,3,46193,[경영측 특강] 특강 수강 소감을 자유롭개 작성해 주시기 바랍니다.,0,좋았습니다.,,,E,과정만족도,0,20300000000000.0,기쁨,0.9170737266540527,긍정,0.0,0.0,0.0,0.0,0.0,0.0,0.0,0.0,0.0,0.0,0.0,0.0,0.0,0.0,0.0,0.0,0.0,0.0,0.0,0.0,0.0,0.0,0.0,0.0,0.0,0.0,0.0,0.0,0.0,0.0,0.0,0.0,0.0,0.0,0.0,0.0,0.0,0.0,0.0,0.0,0.0,0.0,0.0,0.0
87394,5211636,Value-Up프로그램(신입),3604,2025년 Value-up프로그램 1일차 설문,,서술형,5003516,22,46012,[1일차] 교육을 수강하신 &#39;소감&#39;을 간략하게 전달 부탁드립니다.,0,팀원들과 조금 더 가까워질 수 있는 시간들이어서 좋았습니다.,,,M,운영만족도,0,20300000000000.0,기쁨,0.8885370492935181,긍정,0.0,0.0,0.0,0.0,0.0,0.0,0.0,0.0,0.0,0.0,0.0,0.0,0.0,0.0,0.0,0.0,0.0,0.0,0.0,0.0,0.0,0.0,0.0,0.0,0.0,0.0,0.0,0.0,0.0,0.0,0.0,0.0,0.0,0.0,0.0,0.0,0.0,0.0,0.0,0.0,0.0,0.0,0.0,0.0
87394,5211639,Value-Up프로그램(신입),3612,2025년 Value-up프로그램 4일차 설문,,서술형,5003702,21,46158,[4일차 전체] 교육을 수강하신 &#39;소감&#39;을 간략하게 전달 부탁드립니다.,0,추억을 만들어가는 느낌.,,,M,운영만족도,0,20300000000000.0,행복,0.8145318627357483,긍정,0.0,0.0,0.0,0.0,0.0,0.0,0.0,0.0,0.0,0.0,0.0,0.0,0.0,0.0,0.0,0.0,0.0,0.0,0.0,0.0,0.0,0.0,0.0,0.0,0.0,0.0,0.0,0.0,0.0,0.0,0.0,0.0,0.0,0.0,0.0,0.0,0.0,0.0,0.0,0.0,0.0,0.0,0.0,0.0
87394,5211637,Value-Up프로그램(신입),3605,2025년 Value-up프로그램 2일차 설문,,서술형,5003780,37,46054,[2일차 전체] 교육을 수강하신 &#39;소감&#39;을 간략하게 전달 부탁드립니다.,0,일찍 끝나고 좋네요,,,M,운영만족도,0,20300000000000.0,기쁨,0.918760359287262,긍정,0.0,0.0,0.0,0.0,0.0,0.0,0.0,0.0,0.0,0.0,0.0,0.0,0.0,0.0,0.0,0.0,0.0,0.0,0.0,0.0,0.0,0.0,0.0,0.0,0.0,0.0,0.0,0.0,0.0,0.0,0.0,0.0,0.0,0.0,0.0,0.0,0.0,0.0,0.0,0.0,0.0,0.0,0.0,0.0
87394,5211636,Value-Up프로그램(신입),3604,2025년 Value-up프로그램 1일차 설문,,서술형,5003718,22,46012,[1일차] 교육을 수강하신 &#39;소감&#39;을 간략하게 전달 부탁드립니다.,0,짧은 시간내에 많은 정보를 잘 설명해주셨습니다.,,,M,운영만족도,0,20300000000000.0,고마움,0.8850469589233398,긍정,0.0,0.0,0.0,0.0,0.0,0.0,0.0,0.0,0.0,0.0,0.0,0.0,0.0,0.0,0.0,0.0,0.0,0.0,0.0,0.0,0.0,0.0,0.0,0.0,0.0,0.0,0.0,0.0,0.0,0.0,0.0,0.0,0.0,0.0,0.0,0.0,0.0,0.0,0.0,0.0,0.0,0.0,0.0,0.0
87394,5211639,Value-Up프로그램(신입),3612,2025년 Value-up프로그램 4일차 설문,,서술형,5003508,21,46158,[4일차 전체] 교육을 수강하신 &#39;소감&#39;을 간략하게 전달 부탁드립니다.,0,영상촬영 재밌어요,,,M,운영만족도,0,20300000000000.0,즐거움/신남,0.9538809061050415,긍정,0.0,0.0,0.0,0.0,0.0,0.0,0.0,0.0,0.0,0.0,0.0,0.0,0.0,0.0,0.0,0.0,0.0,0.0,0.0,0.0,0.0,0.0,0.0,0.0,0.0,0.0,0.0,0.0,0.0,0.0,0.0,0.0,0.0,0.0,0.0,0.0,0.0,0.0,0.0,0.0,0.0,0.0,0.0,0.0
87394,5211637,Value-Up프로그램(신입),3605,2025년 Value-up프로그램 2일차 설문,,서술형,5003783,37,46054,[2일차 전체] 교육을 수강하신 &#39;소감&#39;을 간략하게 전달 부탁드립니다.,0,만족합니다,,,M,운영만족도,0,20300000000000.0,기쁨,0.9343167543411255,긍정,0.0,0.0,0.0,0.0,0.0,0.0,0.0,0.0,0.0,0.0,0.0,0.0,0.0,0.0,0.0,0.0,0.0,0.0,0.0,0.0,0.0,0.0,0.0,0.0,0.0,0.0,0.0,0.0,0.0,0.0,0.0,0.0,0.0,0.0,0.0,0.0,0.0,0.0,0.0,0.0,0.0,0.0,0.0,0.0
87394,5211636,Value-Up프로그램(신입),3604,2025년 Value-up프로그램 1일차 설문,,서술형,5003754,22,46012,[1일차] 교육을 수강하신 &#39;소감&#39;을 간략하게 전달 부탁드립니다.,0,동기들하고 친하게 지낼 수 있었고 재밌었습니다,,,M,운영만족도,0,20300000000000.0,기쁨,0.962920069694519,긍정,0.0,0.0,0.0,0.0,0.0,0.0,0.0,0.0,0.0,0.0,0.0,0.0,0.0,0.0,0.0,0.0,0.0,0.0,0.0,0.0,0.0,0.0,0.0,0.0,0.0,0.0,0.0,0.0,0.0,0.0,0.0,0.0,0.0,0.0,0.0,0.0,0.0,0.0,0.0,0.0,0.0,0.0,0.0,0.0
87394,5180504,Value-Up프로그램(신입),3610,2025년 Value-up프로그램 3일차 설문,,서술형,5003770,29,46134,[3일차 전체] 교육을 수강하신 &#39;소감&#39;을 간략하게 전달 부탁드립니다.,0,현업에서 어떻게 하면 잘 일할지 배울 수 있었습니다.,,,M,운영만족도,0,20300000000000.0,안심/신뢰,0.9087079763412476,긍정,0.0,0.0,0.0,0.0,0.0,0.0,0.0,0.0,0.0,0.0,0.0,0.0,0.0,0.0,0.0,0.0,0.0,0.0,0.0,0.0,0.0,0.0,0.0,0.0,0.0,0.0,0.0,0.0,0.0,0.0,0.0,0.0,0.0,0.0,0.0,0.0,0.0,0.0,0.0,0.0,0.0,0.0,0.0,0.0
87394,5211637,Value-Up프로그램(신입),3605,2025년 Value-up프로그램 2일차 설문,,서술형,5003754,37,46054,[2일차 전체] 교육을 수강하신 &#39;소감&#39;을 간략하게 전달 부탁드립니다.,0,재밌었습니다,,,M,운영만족도,0,20300000000000.0,즐거움/신남,0.8911052346229553,긍정,0.0,0.0,0.0,0.0,0.0,0.0,0.0,0.0,0.0,0.0,0.0,0.0,0.0,0.0,0.0,0.0,0.0,0.0,0.0,0.0,0.0,0.0,0.0,0.0,0.0,0.0,0.0,0.0,0.0,0.0,0.0,0.0,0.0,0.0,0.0,0.0,0.0,0.0,0.0,0.0,0.0,0.0,0.0,0.0
87394,5211640,Value-Up프로그램(신입),3615,2025년 Value-up프로그램 5일차 설문,,서술형,5003717,3,46193,[경영측 특강] 특강 수강 소감을 자유롭개 작성해 주시기 바랍니다.,0,좋은 말씀 감사합니다,,,E,과정만족도,0,20300000000000.0,고마움,0.8956276774406433,긍정,0.0,0.0,0.0,0.0,0.0,0.0,0.0,0.0,0.0,0.0,0.0,0.0,0.0,0.0,0.0,0.0,0.0,0.0,0.0,0.0,0.0,0.0,0.0,0.0,0.0,0.0,0.0,0.0,0.0,0.0,0.0,0.0,0.0,0.0,0.0,0.0,0.0,0.0,0.0,0.0,0.0,0.0,0.0,0.0
87394,5211640,Value-Up프로그램(신입),3615,2025년 Value-up프로그램 5일차 설문,,서술형,5003730,3,46193,[경영측 특강] 특강 수강 소감을 자유롭개 작성해 주시기 바랍니다.,0,선배님의 넓은 식견,,,E,과정만족도,0,20300000000000.0,존경,0.942987859249115,긍정,0.0,0.0,0.0,0.0,0.0,0.0,0.0,0.0,0.0,0.0,0.0,0.0,0.0,0.0,0.0,0.0,0.0,0.0,0.0,0.0,0.0,0.0,0.0,0.0,0.0,0.0,0.0,0.0,0.0,0.0,0.0,0.0,0.0,0.0,0.0,0.0,0.0,0.0,0.0,0.0,0.0,0.0,0.0,0.0
87394,5180504,Value-Up프로그램(신입),3610,2025년 Value-up프로그램 3일차 설문,,서술형,5003734,29,46134,[3일차 전체] 교육을 수강하신 &#39;소감&#39;을 간략하게 전달 부탁드립니다.,0,ㆍ,,,M,운영만족도,0,20300000000000.0,없음,0.469076931476593,중립,0.0,0.0,0.0,0.0,0.0,0.0,0.0,0.0,0.0,0.0,0.0,0.0,0.0,0.0,0.0,0.0,0.0,0.0,0.0,0.0,0.0,0.0,0.0,0.0,0.0,0.0,0.0,0.0,0.0,0.0,0.0,0.0,0.0,0.0,0.0,0.0,0.0,0.0,0.0,0.0,0.0,0.0,0.0,0.0
87394,5211636,Value-Up프로그램(신입),3604,2025년 Value-up프로그램 1일차 설문,,서술형,5003780,22,46012,[1일차] 교육을 수강하신 &#39;소감&#39;을 간략하게 전달 부탁드립니다.,0,피피티 잘 나오게 해주세요,,,M,운영만족도,0,20300000000000.0,기대감,0.9121341109275818,긍정,0.0,0.0,0.0,0.0,0.0,0.0,0.0,0.0,0.0,0.0,0.0,0.0,0.0,0.0,0.0,0.0,0.0,0.0,0.0,0.0,0.0,0.0,0.0,0.0,0.0,0.0,0.0,0.0,0.0,0.0,0.0,0.0,0.0,0.0,0.0,0.0,0.0,0.0,0.0,0.0,0.0,0.0,0.0,0.0
87394,5211640,Value-Up프로그램(신입),3615,2025년 Value-up프로그램 5일차 설문,,서술형,5003734,3,46193,[경영측 특강] 특강 수강 소감을 자유롭개 작성해 주시기 바랍니다.,0,ㆍ,,,E,과정만족도,0,20300000000000.0,없음,0.469076931476593,중립,0.0,0.0,0.0,0.0,0.0,0.0,0.0,0.0,0.0,0.0,0.0,0.0,0.0,0.0,0.0,0.0,0.0,0.0,0.0,0.0,0.0,0.0,0.0,0.0,0.0,0.0,0.0,0.0,0.0,0.0,0.0,0.0,0.0,0.0,0.0,0.0,0.0,0.0,0.0,0.0,0.0,0.0,0.0,0.0
87394,5211636,Value-Up프로그램(신입),3604,2025년 Value-up프로그램 1일차 설문,,서술형,5003511,22,46012,[1일차] 교육을 수강하신 &#39;소감&#39;을 간략하게 전달 부탁드립니다.,0,그룹 및 현대제철의 역사에 대해 쉽게 파악할 수 있었음,,,M,운영만족도,0,20300000000000.0,깨달음,0.8298442363739014,중립,0.0,0.0,0.0,0.0,0.0,0.0,0.0,0.0,0.0,0.0,0.0,0.0,0.0,0.0,0.0,0.0,0.0,0.0,0.0,0.0,0.0,0.0,0.0,0.0,0.0,0.0,0.0,0.0,0.0,0.0,0.0,0.0,0.0,0.0,0.0,0.0,0.0,0.0,0.0,0.0,0.0,0.0,0.0,0.0
87394,5211636,Value-Up프로그램(신입),3604,2025년 Value-up프로그램 1일차 설문,,서술형,5003725,22,46012,[1일차] 교육을 수강하신 &#39;소감&#39;을 간략하게 전달 부탁드립니다.,0,설렘을 가지고 시작하며 동기들과 더 친해지고 현대자동차그룹의 일원이 제대로 되었다는 기분이 들어 너무나 유익하고 좋았습니다.,,,M,운영만족도,0,20300000000000.0,기쁨,0.9603949189186096,긍정,0.0,0.0,0.0,0.0,0.0,0.0,0.0,0.0,0.0,0.0,0.0,0.0,0.0,0.0,0.0,0.0,0.0,0.0,0.0,0.0,0.0,0.0,0.0,0.0,0.0,0.0,0.0,0.0,0.0,0.0,0.0,0.0,0.0,0.0,0.0,0.0,0.0,0.0,0.0,0.0,0.0,0.0,0.0,0.0
87394,5180504,Value-Up프로그램(신입),3610,2025년 Value-up프로그램 3일차 설문,,서술형,5003715,29,46134,[3일차 전체] 교육을 수강하신 &#39;소감&#39;을 간략하게 전달 부탁드립니다.,0,함께 어울릴 수 있었고 많이 친해져서 교육을 듣는데에 더욱 좋았습니다.,,,M,운영만족도,0,20300000000000.0,기쁨,0.9210613965988159,긍정,0.0,0.0,0.0,0.0,0.0,0.0,0.0,0.0,0.0,0.0,0.0,0.0,0.0,0.0,0.0,0.0,0.0,0.0,0.0,0.0,0.0,0.0,0.0,0.0,0.0,0.0,0.0,0.0,0.0,0.0,0.0,0.0,0.0,0.0,0.0,0.0,0.0,0.0,0.0,0.0,0.0,0.0,0.0,0.0
87394,5211640,Value-Up프로그램(신입),3615,2025년 Value-up프로그램 5일차 설문,,서술형,5003738,3,46193,[경영측 특강] 특강 수강 소감을 자유롭개 작성해 주시기 바랍니다.,0,좋았다,,,E,과정만족도,0,20300000000000.0,기쁨,0.9579694271087646,긍정,0.0,0.0,0.0,0.0,0.0,0.0,0.0,0.0,0.0,0.0,0.0,0.0,0.0,0.0,0.0,0.0,0.0,0.0,0.0,0.0,0.0,0.0,0.0,0.0,0.0,0.0,0.0,0.0,0.0,0.0,0.0,0.0,0.0,0.0,0.0,0.0,0.0,0.0,0.0,0.0,0.0,0.0,0.0,0.0
87394,5180504,Value-Up프로그램(신입),3610,2025년 Value-up프로그램 3일차 설문,,서술형,5003508,29,46134,[3일차 전체] 교육을 수강하신 &#39;소감&#39;을 간략하게 전달 부탁드립니다.,0,재밌습니다~ 안전 제일,,,M,운영만족도,0,20300000000000.0,즐거움/신남,0.924009382724762,긍정,0.0,0.0,0.0,0.0,0.0,0.0,0.0,0.0,0.0,0.0,0.0,0.0,0.0,0.0,0.0,0.0,0.0,0.0,0.0,0.0,0.0,0.0,0.0,0.0,0.0,0.0,0.0,0.0,0.0,0.0,0.0,0.0,0.0,0.0,0.0,0.0,0.0,0.0,0.0,0.0,0.0,0.0,0.0,0.0
87394,5211637,Value-Up프로그램(신입),3605,2025년 Value-up프로그램 2일차 설문,,서술형,5003707,37,46054,[2일차 전체] 교육을 수강하신 &#39;소감&#39;을 간략하게 전달 부탁드립니다.,0,좋았다,,,M,운영만족도,0,20300000000000.0,기쁨,0.9579694271087646,긍정,0.0,0.0,0.0,0.0,0.0,0.0,0.0,0.0,0.0,0.0,0.0,0.0,0.0,0.0,0.0,0.0,0.0,0.0,0.0,0.0,0.0,0.0,0.0,0.0,0.0,0.0,0.0,0.0,0.0,0.0,0.0,0.0,0.0,0.0,0.0,0.0,0.0,0.0,0.0,0.0,0.0,0.0,0.0,0.0
87394,5211637,Value-Up프로그램(신입),3605,2025년 Value-up프로그램 2일차 설문,,서술형,5003778,37,46054,[2일차 전체] 교육을 수강하신 &#39;소감&#39;을 간략하게 전달 부탁드립니다.,0,현대제철의 경쟁력과 비전에 대해 알 수 있는 시간이었습니다.,,,M,운영만족도,0,20300000000000.0,기대감,0.8940401673316956,긍정,0.0,0.0,0.0,0.0,0.0,0.0,0.0,0.0,0.0,0.0,0.0,0.0,0.0,0.0,0.0,0.0,0.0,0.0,0.0,0.0,0.0,0.0,0.0,0.0,0.0,0.0,0.0,0.0,0.0,0.0,0.0,0.0,0.0,0.0,0.0,0.0,0.0,0.0,0.0,0.0,0.0,0.0,0.0,0.0
87394,5211636,Value-Up프로그램(신입),3604,2025년 Value-up프로그램 1일차 설문,,서술형,5003709,22,46012,[1일차] 교육을 수강하신 &#39;소감&#39;을 간략하게 전달 부탁드립니다.,0,현대자동차의 역사에 대해 알아볼 수 있는 시간이었음,,,M,운영만족도,0,20300000000000.0,감동/감탄,0.9140563607215881,긍정,0.0,0.0,0.0,0.0,0.0,0.0,0.0,0.0,0.0,0.0,0.0,0.0,0.0,0.0,0.0,0.0,0.0,0.0,0.0,0.0,0.0,0.0,0.0,0.0,0.0,0.0,0.0,0.0,0.0,0.0,0.0,0.0,0.0,0.0,0.0,0.0,0.0,0.0,0.0,0.0,0.0,0.0,0.0,0.0
87394,5211636,Value-Up프로그램(신입),3604,2025년 Value-up프로그램 1일차 설문,,서술형,5003705,22,46012,[1일차] 교육을 수강하신 &#39;소감&#39;을 간략하게 전달 부탁드립니다.,0,다른 부서 동기들과 친해지고 회사에 대해 더욱 알아갈 수있는 의미있는 시간이었음,,,M,운영만족도,0,20300000000000.0,안심/신뢰,0.8793516159057617,긍정,0.0,0.0,0.0,0.0,0.0,0.0,0.0,0.0,0.0,0.0,0.0,0.0,0.0,0.0,0.0,0.0,0.0,0.0,0.0,0.0,0.0,0.0,0.0,0.0,0.0,0.0,0.0,0.0,0.0,0.0,0.0,0.0,0.0,0.0,0.0,0.0,0.0,0.0,0.0,0.0,0.0,0.0,0.0,0.0
87394,5211636,Value-Up프로그램(신입),3604,2025년 Value-up프로그램 1일차 설문,,서술형,5003723,22,46012,[1일차] 교육을 수강하신 &#39;소감&#39;을 간략하게 전달 부탁드립니다.,0,"오늘 교육을 통해 동기들과 보다 친해질 수 있었도, 회사의 역사를 다시 한 번 돌아보며 애사심을 느낄 수 있었습니다.",,,M,운영만족도,0,20300000000000.0,안심/신뢰,0.8855452537536621,긍정,0.0,0.0,0.0,0.0,0.0,0.0,0.0,0.0,0.0,0.0,0.0,0.0,0.0,0.0,0.0,0.0,0.0,0.0,0.0,0.0,0.0,0.0,0.0,0.0,0.0,0.0,0.0,0.0,0.0,0.0,0.0,0.0,0.0,0.0,0.0,0.0,0.0,0.0,0.0,0.0,0.0,0.0,0.0,0.0
87394,5211639,Value-Up프로그램(신입),3612,2025년 Value-up프로그램 4일차 설문,,서술형,5003518,21,46158,[4일차 전체] 교육을 수강하신 &#39;소감&#39;을 간략하게 전달 부탁드립니다.,0,유익했습니다,,,M,운영만족도,0,20300000000000.0,기쁨,0.8662172555923462,긍정,0.0,0.0,0.0,0.0,0.0,0.0,0.0,0.0,0.0,0.0,0.0,0.0,0.0,0.0,0.0,0.0,0.0,0.0,0.0,0.0,0.0,0.0,0.0,0.0,0.0,0.0,0.0,0.0,0.0,0.0,0.0,0.0,0.0,0.0,0.0,0.0,0.0,0.0,0.0,0.0,0.0,0.0,0.0,0.0
87394,5211637,Value-Up프로그램(신입),3605,2025년 Value-up프로그램 2일차 설문,,서술형,5003741,37,46054,[2일차 전체] 교육을 수강하신 &#39;소감&#39;을 간략하게 전달 부탁드립니다.,0,팀원들과 함께 활동을 진행하니 더 친해질 수 있었고 더 열정적으로 수업을 들을 수 있었다,,,M,운영만족도,0,20300000000000.0,안심/신뢰,0.8988559246063232,긍정,0.0,0.0,0.0,0.0,0.0,0.0,0.0,0.0,0.0,0.0,0.0,0.0,0.0,0.0,0.0,0.0,0.0,0.0,0.0,0.0,0.0,0.0,0.0,0.0,0.0,0.0,0.0,0.0,0.0,0.0,0.0,0.0,0.0,0.0,0.0,0.0,0.0,0.0,0.0,0.0,0.0,0.0,0.0,0.0
87394,5180504,Value-Up프로그램(신입),3610,2025년 Value-up프로그램 3일차 설문,,서술형,5003750,29,46134,[3일차 전체] 교육을 수강하신 &#39;소감&#39;을 간략하게 전달 부탁드립니다.,0,참여형 프로그램에 즐겁게 참여함,,,M,운영만족도,0,20300000000000.0,기쁨,0.9386231303215027,긍정,0.0,0.0,0.0,0.0,0.0,0.0,0.0,0.0,0.0,0.0,0.0,0.0,0.0,0.0,0.0,0.0,0.0,0.0,0.0,0.0,0.0,0.0,0.0,0.0,0.0,0.0,0.0,0.0,0.0,0.0,0.0,0.0,0.0,0.0,0.0,0.0,0.0,0.0,0.0,0.0,0.0,0.0,0.0,0.0
87394,5211640,Value-Up프로그램(신입),3615,2025년 Value-up프로그램 5일차 설문,,서술형,5003784,3,46193,[경영측 특강] 특강 수강 소감을 자유롭개 작성해 주시기 바랍니다.,0,좋은 교훈을 얻었습니다,,,E,과정만족도,0,20300000000000.0,감동/감탄,0.8118244409561157,긍정,0.0,0.0,0.0,0.0,0.0,0.0,0.0,0.0,0.0,0.0,0.0,0.0,0.0,0.0,0.0,0.0,0.0,0.0,0.0,0.0,0.0,0.0,0.0,0.0,0.0,0.0,0.0,0.0,0.0,0.0,0.0,0.0,0.0,0.0,0.0,0.0,0.0,0.0,0.0,0.0,0.0,0.0,0.0,0.0
87394,5211637,Value-Up프로그램(신입),3605,2025년 Value-up프로그램 2일차 설문,,서술형,5003743,37,46054,[2일차 전체] 교육을 수강하신 &#39;소감&#39;을 간략하게 전달 부탁드립니다.,0,"경영시뮬레이션이 생각보다 재미있고 도움되었음
고로 전기로 공정, 사업전략에 대해 잘 알게됨",,,M,운영만족도,0,20300000000000.0,감동/감탄,0.8817028403282166,긍정,0.0,0.0,0.0,0.0,0.0,0.0,0.0,0.0,0.0,0.0,0.0,0.0,0.0,0.0,0.0,0.0,0.0,0.0,0.0,0.0,0.0,0.0,0.0,0.0,0.0,0.0,0.0,0.0,0.0,0.0,0.0,0.0,0.0,0.0,0.0,0.0,0.0,0.0,0.0,0.0,0.0,0.0,0.0,0.0
87394,5211640,Value-Up프로그램(신입),3615,2025년 Value-up프로그램 5일차 설문,,서술형,5003735,3,46193,[경영측 특강] 특강 수강 소감을 자유롭개 작성해 주시기 바랍니다.,0,재밌고 즐거운 추억 시간이었습니다.,,,E,과정만족도,0,20300000000000.0,기쁨,0.9116119146347046,긍정,0.0,0.0,0.0,0.0,0.0,0.0,0.0,0.0,0.0,0.0,0.0,0.0,0.0,0.0,0.0,0.0,0.0,0.0,0.0,0.0,0.0,0.0,0.0,0.0,0.0,0.0,0.0,0.0,0.0,0.0,0.0,0.0,0.0,0.0,0.0,0.0,0.0,0.0,0.0,0.0,0.0,0.0,0.0,0.0
87394,5211639,Value-Up프로그램(신입),3612,2025년 Value-up프로그램 4일차 설문,,서술형,5003751,21,46158,[4일차 전체] 교육을 수강하신 &#39;소감&#39;을 간략하게 전달 부탁드립니다.,0,좋습니다,,,M,운영만족도,0,20300000000000.0,기쁨,0.8893537521362305,긍정,0.0,0.0,0.0,0.0,0.0,0.0,0.0,0.0,0.0,0.0,0.0,0.0,0.0,0.0,0.0,0.0,0.0,0.0,0.0,0.0,0.0,0.0,0.0,0.0,0.0,0.0,0.0,0.0,0.0,0.0,0.0,0.0,0.0,0.0,0.0,0.0,0.0,0.0,0.0,0.0,0.0,0.0,0.0,0.0
87394,5211636,Value-Up프로그램(신입),3604,2025년 Value-up프로그램 1일차 설문,,서술형,5003781,22,46012,[1일차] 교육을 수강하신 &#39;소감&#39;을 간략하게 전달 부탁드립니다.,0,첫날이지만 팀원들이랑 조금더 친해진것같아서 좋은 시간이었습니다,,,M,운영만족도,0,20300000000000.0,기쁨,0.939624011516571,긍정,0.0,0.0,0.0,0.0,0.0,0.0,0.0,0.0,0.0,0.0,0.0,0.0,0.0,0.0,0.0,0.0,0.0,0.0,0.0,0.0,0.0,0.0,0.0,0.0,0.0,0.0,0.0,0.0,0.0,0.0,0.0,0.0,0.0,0.0,0.0,0.0,0.0,0.0,0.0,0.0,0.0,0.0,0.0,0.0
87394,5211636,Value-Up프로그램(신입),3604,2025년 Value-up프로그램 1일차 설문,,서술형,5003748,22,46012,[1일차] 교육을 수강하신 &#39;소감&#39;을 간략하게 전달 부탁드립니다.,0,여러 동기들을 만날 수 있어 좋았고 앞으로가 기대됩니다,,,M,운영만족도,0,20300000000000.0,기쁨,0.9475034475326538,긍정,0.0,0.0,0.0,0.0,0.0,0.0,0.0,0.0,0.0,0.0,0.0,0.0,0.0,0.0,0.0,0.0,0.0,0.0,0.0,0.0,0.0,0.0,0.0,0.0,0.0,0.0,0.0,0.0,0.0,0.0,0.0,0.0,0.0,0.0,0.0,0.0,0.0,0.0,0.0,0.0,0.0,0.0,0.0,0.0
87394,5211640,Value-Up프로그램(신입),3615,2025년 Value-up프로그램 5일차 설문,,서술형,5003711,3,46193,[경영측 특강] 특강 수강 소감을 자유롭개 작성해 주시기 바랍니다.,0,좋은 말씀 감사합니다.,,,E,과정만족도,0,20300000000000.0,고마움,0.9064579010009766,긍정,0.0,0.0,0.0,0.0,0.0,0.0,0.0,0.0,0.0,0.0,0.0,0.0,0.0,0.0,0.0,0.0,0.0,0.0,0.0,0.0,0.0,0.0,0.0,0.0,0.0,0.0,0.0,0.0,0.0,0.0,0.0,0.0,0.0,0.0,0.0,0.0,0.0,0.0,0.0,0.0,0.0,0.0,0.0,0.0
87394,5211636,Value-Up프로그램(신입),3604,2025년 Value-up프로그램 1일차 설문,,서술형,5003715,22,46012,[1일차] 교육을 수강하신 &#39;소감&#39;을 간략하게 전달 부탁드립니다.,0,동기들을 만날 수 있어서 좋았으며 교육의 전반적인 내용이 알차고 도움이 많이 되었습니다!,,,M,운영만족도,0,20300000000000.0,기쁨,0.9361765384674072,긍정,0.0,0.0,0.0,0.0,0.0,0.0,0.0,0.0,0.0,0.0,0.0,0.0,0.0,0.0,0.0,0.0,0.0,0.0,0.0,0.0,0.0,0.0,0.0,0.0,0.0,0.0,0.0,0.0,0.0,0.0,0.0,0.0,0.0,0.0,0.0,0.0,0.0,0.0,0.0,0.0,0.0,0.0,0.0,0.0
87394,5211637,Value-Up프로그램(신입),3605,2025년 Value-up프로그램 2일차 설문,,서술형,5003514,37,46054,[2일차 전체] 교육을 수강하신 &#39;소감&#39;을 간략하게 전달 부탁드립니다.,0,매우 좋았습니다,,,M,운영만족도,0,20300000000000.0,기쁨,0.905892014503479,긍정,0.0,0.0,0.0,0.0,0.0,0.0,0.0,0.0,0.0,0.0,0.0,0.0,0.0,0.0,0.0,0.0,0.0,0.0,0.0,0.0,0.0,0.0,0.0,0.0,0.0,0.0,0.0,0.0,0.0,0.0,0.0,0.0,0.0,0.0,0.0,0.0,0.0,0.0,0.0,0.0,0.0,0.0,0.0,0.0
87394,5180504,Value-Up프로그램(신입),3610,2025년 Value-up프로그램 3일차 설문,,서술형,5003743,29,46134,[3일차 전체] 교육을 수강하신 &#39;소감&#39;을 간략하게 전달 부탁드립니다.,0,현업에 큰 도움이 됨,,,M,운영만족도,0,20300000000000.0,안심/신뢰,0.925655722618103,긍정,0.0,0.0,0.0,0.0,0.0,0.0,0.0,0.0,0.0,0.0,0.0,0.0,0.0,0.0,0.0,0.0,0.0,0.0,0.0,0.0,0.0,0.0,0.0,0.0,0.0,0.0,0.0,0.0,0.0,0.0,0.0,0.0,0.0,0.0,0.0,0.0,0.0,0.0,0.0,0.0,0.0,0.0,0.0,0.0
87394,5211637,Value-Up프로그램(신입),3605,2025년 Value-up프로그램 2일차 설문,,서술형,5003740,37,46054,[2일차 전체] 교육을 수강하신 &#39;소감&#39;을 간략하게 전달 부탁드립니다.,0,2일차도 재미있었습니다.!,,,M,운영만족도,0,20300000000000.0,즐거움/신남,0.9540426731109619,긍정,0.0,0.0,0.0,0.0,0.0,0.0,0.0,0.0,0.0,0.0,0.0,0.0,0.0,0.0,0.0,0.0,0.0,0.0,0.0,0.0,0.0,0.0,0.0,0.0,0.0,0.0,0.0,0.0,0.0,0.0,0.0,0.0,0.0,0.0,0.0,0.0,0.0,0.0,0.0,0.0,0.0,0.0,0.0,0.0
87394,5211636,Value-Up프로그램(신입),3604,2025년 Value-up프로그램 1일차 설문,,서술형,5003738,22,46012,[1일차] 교육을 수강하신 &#39;소감&#39;을 간략하게 전달 부탁드립니다.,0,유익한 교육 감사합니다. 특히 HMG의 역사에 대해 이해도를 향상하며 현대제철의 역할에 대하여 알 수 있는 시간이었습니다.,,,M,운영만족도,0,20300000000000.0,고마움,0.8652916550636292,긍정,0.0,0.0,0.0,0.0,0.0,0.0,0.0,0.0,0.0,0.0,0.0,0.0,0.0,0.0,0.0,0.0,0.0,0.0,0.0,0.0,0.0,0.0,0.0,0.0,0.0,0.0,0.0,0.0,0.0,0.0,0.0,0.0,0.0,0.0,0.0,0.0,0.0,0.0,0.0,0.0,0.0,0.0,0.0,0.0
87394,5180504,Value-Up프로그램(신입),3610,2025년 Value-up프로그램 3일차 설문,,서술형,5003516,29,46134,[3일차 전체] 교육을 수강하신 &#39;소감&#39;을 간략하게 전달 부탁드립니다.,0,좋았습니다.,,,M,운영만족도,0,20300000000000.0,기쁨,0.9170737266540527,긍정,0.0,0.0,0.0,0.0,0.0,0.0,0.0,0.0,0.0,0.0,0.0,0.0,0.0,0.0,0.0,0.0,0.0,0.0,0.0,0.0,0.0,0.0,0.0,0.0,0.0,0.0,0.0,0.0,0.0,0.0,0.0,0.0,0.0,0.0,0.0,0.0,0.0,0.0,0.0,0.0,0.0,0.0,0.0,0.0
87394,5211640,Value-Up프로그램(신입),3615,2025년 Value-up프로그램 5일차 설문,,서술형,5003710,3,46193,[경영측 특강] 특강 수강 소감을 자유롭개 작성해 주시기 바랍니다.,0,생각을 들을 수 있는 시간이라 좋았다.,,,E,과정만족도,0,20300000000000.0,기쁨,0.8873022794723511,긍정,0.0,0.0,0.0,0.0,0.0,0.0,0.0,0.0,0.0,0.0,0.0,0.0,0.0,0.0,0.0,0.0,0.0,0.0,0.0,0.0,0.0,0.0,0.0,0.0,0.0,0.0,0.0,0.0,0.0,0.0,0.0,0.0,0.0,0.0,0.0,0.0,0.0,0.0,0.0,0.0,0.0,0.0,0.0,0.0
87394,5180504,Value-Up프로그램(신입),3610,2025년 Value-up프로그램 3일차 설문,,서술형,5003722,29,46134,[3일차 전체] 교육을 수강하신 &#39;소감&#39;을 간략하게 전달 부탁드립니다.,0,너무 유익했습니다,,,M,운영만족도,0,20300000000000.0,기쁨,0.8935024738311768,긍정,0.0,0.0,0.0,0.0,0.0,0.0,0.0,0.0,0.0,0.0,0.0,0.0,0.0,0.0,0.0,0.0,0.0,0.0,0.0,0.0,0.0,0.0,0.0,0.0,0.0,0.0,0.0,0.0,0.0,0.0,0.0,0.0,0.0,0.0,0.0,0.0,0.0,0.0,0.0,0.0,0.0,0.0,0.0,0.0
87394,5211640,Value-Up프로그램(신입),3615,2025년 Value-up프로그램 5일차 설문,,서술형,5003783,3,46193,[경영측 특강] 특강 수강 소감을 자유롭개 작성해 주시기 바랍니다.,0,만족합니다.,,,E,과정만족도,0,20300000000000.0,기쁨,0.9062385559082031,긍정,0.0,0.0,0.0,0.0,0.0,0.0,0.0,0.0,0.0,0.0,0.0,0.0,0.0,0.0,0.0,0.0,0.0,0.0,0.0,0.0,0.0,0.0,0.0,0.0,0.0,0.0,0.0,0.0,0.0,0.0,0.0,0.0,0.0,0.0,0.0,0.0,0.0,0.0,0.0,0.0,0.0,0.0,0.0,0.0
87394,5211637,Value-Up프로그램(신입),3605,2025년 Value-up프로그램 2일차 설문,,서술형,5003703,37,46054,[2일차 전체] 교육을 수강하신 &#39;소감&#39;을 간략하게 전달 부탁드립니다.,0,항상 도와주셔서 감사합니다.,,,M,운영만족도,0,20300000000000.0,고마움,0.9347761273384094,긍정,0.0,0.0,0.0,0.0,0.0,0.0,0.0,0.0,0.0,0.0,0.0,0.0,0.0,0.0,0.0,0.0,0.0,0.0,0.0,0.0,0.0,0.0,0.0,0.0,0.0,0.0,0.0,0.0,0.0,0.0,0.0,0.0,0.0,0.0,0.0,0.0,0.0,0.0,0.0,0.0,0.0,0.0,0.0,0.0
87394,5211637,Value-Up프로그램(신입),3605,2025년 Value-up프로그램 2일차 설문,,서술형,5003784,37,46054,[2일차 전체] 교육을 수강하신 &#39;소감&#39;을 간략하게 전달 부탁드립니다.,0,동기들과 조금 더 친해졌음,,,M,운영만족도,0,20300000000000.0,기대감,0.8842917084693909,긍정,0.0,0.0,0.0,0.0,0.0,0.0,0.0,0.0,0.0,0.0,0.0,0.0,0.0,0.0,0.0,0.0,0.0,0.0,0.0,0.0,0.0,0.0,0.0,0.0,0.0,0.0,0.0,0.0,0.0,0.0,0.0,0.0,0.0,0.0,0.0,0.0,0.0,0.0,0.0,0.0,0.0,0.0,0.0,0.0
87394,5211639,Value-Up프로그램(신입),3612,2025년 Value-up프로그램 4일차 설문,,서술형,5003498,21,46158,[4일차 전체] 교육을 수강하신 &#39;소감&#39;을 간략하게 전달 부탁드립니다.,0,너무 즐거웠어요.,,,M,운영만족도,0,20300000000000.0,기쁨,0.9089680314064026,긍정,0.0,0.0,0.0,0.0,0.0,0.0,0.0,0.0,0.0,0.0,0.0,0.0,0.0,0.0,0.0,0.0,0.0,0.0,0.0,0.0,0.0,0.0,0.0,0.0,0.0,0.0,0.0,0.0,0.0,0.0,0.0,0.0,0.0,0.0,0.0,0.0,0.0,0.0,0.0,0.0,0.0,0.0,0.0,0.0
86769,5065012,[DX Academy] Qlik 기본 기능 실습_초급 (1차수),3611,■ [DX Academy] Qlik 기본 기능 실습_초급 (1차수) 수강의견 조사 ■,,서술형,2022542,8,46131,교육을 수강하신 &#39;소감&#39;을 간략하게 전달 부탁드립니다.,0,"추가적으로 SQL등을 학습하고 싶은 마음이
들었습니다",,,M,운영만족도,0,20300000000000.0,기대감,0.8163574934005737,긍정,0.0,0.0,0.0,0.0,0.0,0.0,0.0,0.0,0.0,0.0,0.0,0.0,0.0,0.0,0.0,0.0,0.0,0.0,0.0,0.0,0.0,0.0,0.0,0.0,0.0,0.0,0.0,0.0,0.0,0.0,0.0,0.0,0.0,0.0,0.0,0.0,0.0,0.0,0.0,0.0,0.0,0.0,0.0,0.0
87394,5211636,Value-Up프로그램(신입),3604,2025년 Value-up프로그램 1일차 설문,,서술형,5003508,22,46012,[1일차] 교육을 수강하신 &#39;소감&#39;을 간략하게 전달 부탁드립니다.,0,팀원들과 아이스브레이킹을 해서 좋았습니다,,,M,운영만족도,0,20300000000000.0,기쁨,0.963494598865509,긍정,0.0,0.0,0.0,0.0,0.0,0.0,0.0,0.0,0.0,0.0,0.0,0.0,0.0,0.0,0.0,0.0,0.0,0.0,0.0,0.0,0.0,0.0,0.0,0.0,0.0,0.0,0.0,0.0,0.0,0.0,0.0,0.0,0.0,0.0,0.0,0.0,0.0,0.0,0.0,0.0,0.0,0.0,0.0,0.0
87394,5211639,Value-Up프로그램(신입),3612,2025년 Value-up프로그램 4일차 설문,,서술형,5003719,21,46158,[4일차 전체] 교육을 수강하신 &#39;소감&#39;을 간략하게 전달 부탁드립니다.,0,재밌었습니다.,,,M,운영만족도,0,20300000000000.0,즐거움/신남,0.8810284733772278,긍정,0.0,0.0,0.0,0.0,0.0,0.0,0.0,0.0,0.0,0.0,0.0,0.0,0.0,0.0,0.0,0.0,0.0,0.0,0.0,0.0,0.0,0.0,0.0,0.0,0.0,0.0,0.0,0.0,0.0,0.0,0.0,0.0,0.0,0.0,0.0,0.0,0.0,0.0,0.0,0.0,0.0,0.0,0.0,0.0
87394,5211636,Value-Up프로그램(신입),3604,2025년 Value-up프로그램 1일차 설문,,서술형,5003520,22,46012,[1일차] 교육을 수강하신 &#39;소감&#39;을 간략하게 전달 부탁드립니다.,0,많은 사람들과 소통할 수 있어 좋았습니다.,,,M,운영만족도,0,20300000000000.0,기쁨,0.9184208512306213,긍정,0.0,0.0,0.0,0.0,0.0,0.0,0.0,0.0,0.0,0.0,0.0,0.0,0.0,0.0,0.0,0.0,0.0,0.0,0.0,0.0,0.0,0.0,0.0,0.0,0.0,0.0,0.0,0.0,0.0,0.0,0.0,0.0,0.0,0.0,0.0,0.0,0.0,0.0,0.0,0.0,0.0,0.0,0.0,0.0
87394,5211639,Value-Up프로그램(신입),3612,2025년 Value-up프로그램 4일차 설문,,서술형,5003747,21,46158,[4일차 전체] 교육을 수강하신 &#39;소감&#39;을 간략하게 전달 부탁드립니다.,0,좋았습니다,,,M,운영만족도,0,20300000000000.0,기쁨,0.9203770160675049,긍정,0.0,0.0,0.0,0.0,0.0,0.0,0.0,0.0,0.0,0.0,0.0,0.0,0.0,0.0,0.0,0.0,0.0,0.0,0.0,0.0,0.0,0.0,0.0,0.0,0.0,0.0,0.0,0.0,0.0,0.0,0.0,0.0,0.0,0.0,0.0,0.0,0.0,0.0,0.0,0.0,0.0,0.0,0.0,0.0
87394,5211637,Value-Up프로그램(신입),3605,2025년 Value-up프로그램 2일차 설문,,서술형,5003511,37,46054,[2일차 전체] 교육을 수강하신 &#39;소감&#39;을 간략하게 전달 부탁드립니다.,0,교육을 통한 회사 경영 및 공정에 대한 전반적인 이해도 향상,,,M,운영만족도,0,20300000000000.0,없음,0.9017946124076843,중립,0.0,0.0,0.0,0.0,0.0,0.0,0.0,0.0,0.0,0.0,0.0,0.0,0.0,0.0,0.0,0.0,0.0,0.0,0.0,0.0,0.0,0.0,0.0,0.0,0.0,0.0,0.0,0.0,0.0,0.0,0.0,0.0,0.0,0.0,0.0,0.0,0.0,0.0,0.0,0.0,0.0,0.0,0.0,0.0
87394,5211636,Value-Up프로그램(신입),3604,2025년 Value-up프로그램 1일차 설문,,서술형,5003739,22,46012,[1일차] 교육을 수강하신 &#39;소감&#39;을 간략하게 전달 부탁드립니다.,0,감사합니다,,,M,운영만족도,0,20300000000000.0,고마움,0.9041935801506042,긍정,0.0,0.0,0.0,0.0,0.0,0.0,0.0,0.0,0.0,0.0,0.0,0.0,0.0,0.0,0.0,0.0,0.0,0.0,0.0,0.0,0.0,0.0,0.0,0.0,0.0,0.0,0.0,0.0,0.0,0.0,0.0,0.0,0.0,0.0,0.0,0.0,0.0,0.0,0.0,0.0,0.0,0.0,0.0,0.0
87394,5180504,Value-Up프로그램(신입),3610,2025년 Value-up프로그램 3일차 설문,,서술형,5003747,29,46134,[3일차 전체] 교육을 수강하신 &#39;소감&#39;을 간략하게 전달 부탁드립니다.,0,좋았습니다,,,M,운영만족도,0,20300000000000.0,기쁨,0.9203770160675049,긍정,0.0,0.0,0.0,0.0,0.0,0.0,0.0,0.0,0.0,0.0,0.0,0.0,0.0,0.0,0.0,0.0,0.0,0.0,0.0,0.0,0.0,0.0,0.0,0.0,0.0,0.0,0.0,0.0,0.0,0.0,0.0,0.0,0.0,0.0,0.0,0.0,0.0,0.0,0.0,0.0,0.0,0.0,0.0,0.0
87394,5211637,Value-Up프로그램(신입),3605,2025년 Value-up프로그램 2일차 설문,,서술형,5003770,37,46054,[2일차 전체] 교육을 수강하신 &#39;소감&#39;을 간략하게 전달 부탁드립니다.,0,오늘 교육을 통해 우리 회사에 대해서 더 잘 알아볼 수 있었습니다.,,,M,운영만족도,0,20300000000000.0,안심/신뢰,0.9358022212982178,긍정,0.0,0.0,0.0,0.0,0.0,0.0,0.0,0.0,0.0,0.0,0.0,0.0,0.0,0.0,0.0,0.0,0.0,0.0,0.0,0.0,0.0,0.0,0.0,0.0,0.0,0.0,0.0,0.0,0.0,0.0,0.0,0.0,0.0,0.0,0.0,0.0,0.0,0.0,0.0,0.0,0.0,0.0,0.0,0.0
87394,5211636,Value-Up프로그램(신입),3604,2025년 Value-up프로그램 1일차 설문,,서술형,5003710,22,46012,[1일차] 교육을 수강하신 &#39;소감&#39;을 간략하게 전달 부탁드립니다.,0,준비를 열심히 해 주신 것 같아 감사합니다.,,,M,운영만족도,0,20300000000000.0,고마움,0.8979604244232178,긍정,0.0,0.0,0.0,0.0,0.0,0.0,0.0,0.0,0.0,0.0,0.0,0.0,0.0,0.0,0.0,0.0,0.0,0.0,0.0,0.0,0.0,0.0,0.0,0.0,0.0,0.0,0.0,0.0,0.0,0.0,0.0,0.0,0.0,0.0,0.0,0.0,0.0,0.0,0.0,0.0,0.0,0.0,0.0,0.0
87394,5211636,Value-Up프로그램(신입),3604,2025년 Value-up프로그램 1일차 설문,,서술형,5003722,22,46012,[1일차] 교육을 수강하신 &#39;소감&#39;을 간략하게 전달 부탁드립니다.,0,새로운 동기들과 친해질 수 있는 기회가 되어 뜻깊은 하루였다,,,M,운영만족도,0,20300000000000.0,기쁨,0.904326856136322,긍정,0.0,0.0,0.0,0.0,0.0,0.0,0.0,0.0,0.0,0.0,0.0,0.0,0.0,0.0,0.0,0.0,0.0,0.0,0.0,0.0,0.0,0.0,0.0,0.0,0.0,0.0,0.0,0.0,0.0,0.0,0.0,0.0,0.0,0.0,0.0,0.0,0.0,0.0,0.0,0.0,0.0,0.0,0.0,0.0
87394,5211640,Value-Up프로그램(신입),3615,2025년 Value-up프로그램 5일차 설문,,서술형,5003515,3,46193,[경영측 특강] 특강 수강 소감을 자유롭개 작성해 주시기 바랍니다.,0,이로운 시간이었습니다,,,E,과정만족도,0,20300000000000.0,기쁨,0.8600829243659973,긍정,0.0,0.0,0.0,0.0,0.0,0.0,0.0,0.0,0.0,0.0,0.0,0.0,0.0,0.0,0.0,0.0,0.0,0.0,0.0,0.0,0.0,0.0,0.0,0.0,0.0,0.0,0.0,0.0,0.0,0.0,0.0,0.0,0.0,0.0,0.0,0.0,0.0,0.0,0.0,0.0,0.0,0.0,0.0,0.0
87394,5180504,Value-Up프로그램(신입),3610,2025년 Value-up프로그램 3일차 설문,,서술형,5003716,29,46134,[3일차 전체] 교육을 수강하신 &#39;소감&#39;을 간략하게 전달 부탁드립니다.,0,제철의 노력이 보여 좋았습니다,,,M,운영만족도,0,20300000000000.0,고마움,0.8945460319519043,긍정,0.0,0.0,0.0,0.0,0.0,0.0,0.0,0.0,0.0,0.0,0.0,0.0,0.0,0.0,0.0,0.0,0.0,0.0,0.0,0.0,0.0,0.0,0.0,0.0,0.0,0.0,0.0,0.0,0.0,0.0,0.0,0.0,0.0,0.0,0.0,0.0,0.0,0.0,0.0,0.0,0.0,0.0,0.0,0.0
87394,5211636,Value-Up프로그램(신입),3604,2025년 Value-up프로그램 1일차 설문,,서술형,5003735,22,46012,[1일차] 교육을 수강하신 &#39;소감&#39;을 간략하게 전달 부탁드립니다.,0,회사 동기들을 만날 수 있어 뜻깊은 첫만남이었습니다.,,,M,운영만족도,0,20300000000000.0,기쁨,0.9471458792686462,긍정,0.0,0.0,0.0,0.0,0.0,0.0,0.0,0.0,0.0,0.0,0.0,0.0,0.0,0.0,0.0,0.0,0.0,0.0,0.0,0.0,0.0,0.0,0.0,0.0,0.0,0.0,0.0,0.0,0.0,0.0,0.0,0.0,0.0,0.0,0.0,0.0,0.0,0.0,0.0,0.0,0.0,0.0,0.0,0.0
87394,5211636,Value-Up프로그램(신입),3604,2025년 Value-up프로그램 1일차 설문,,서술형,5003716,22,46012,[1일차] 교육을 수강하신 &#39;소감&#39;을 간략하게 전달 부탁드립니다.,0,"이런 자리가 있어서 좋았습니다
소속에 대한 자부심과 더불어 정말 대기업에 들어왔다는 자부심을 가지는 동시에 다양한 부서 사람들을 알 수 있어서 좋았습니다",,,M,운영만족도,0,20300000000000.0,기쁨,0.957745373249054,긍정,0.0,0.0,0.0,0.0,0.0,0.0,0.0,0.0,0.0,0.0,0.0,0.0,0.0,0.0,0.0,0.0,0.0,0.0,0.0,0.0,0.0,0.0,0.0,0.0,0.0,0.0,0.0,0.0,0.0,0.0,0.0,0.0,0.0,0.0,0.0,0.0,0.0,0.0,0.0,0.0,0.0,0.0,0.0,0.0
87394,5211639,Value-Up프로그램(신입),3612,2025년 Value-up프로그램 4일차 설문,,서술형,5003780,21,46158,[4일차 전체] 교육을 수강하신 &#39;소감&#39;을 간략하게 전달 부탁드립니다.,0,고생많앗습니다,,,M,운영만족도,0,20300000000000.0,고마움,0.924919068813324,긍정,0.0,0.0,0.0,0.0,0.0,0.0,0.0,0.0,0.0,0.0,0.0,0.0,0.0,0.0,0.0,0.0,0.0,0.0,0.0,0.0,0.0,0.0,0.0,0.0,0.0,0.0,0.0,0.0,0.0,0.0,0.0,0.0,0.0,0.0,0.0,0.0,0.0,0.0,0.0,0.0,0.0,0.0,0.0,0.0
87394,5180504,Value-Up프로그램(신입),3610,2025년 Value-up프로그램 3일차 설문,,서술형,5003746,29,46134,[3일차 전체] 교육을 수강하신 &#39;소감&#39;을 간략하게 전달 부탁드립니다.,0,재밌었다,,,M,운영만족도,0,20300000000000.0,즐거움/신남,0.9360910654067993,긍정,0.0,0.0,0.0,0.0,0.0,0.0,0.0,0.0,0.0,0.0,0.0,0.0,0.0,0.0,0.0,0.0,0.0,0.0,0.0,0.0,0.0,0.0,0.0,0.0,0.0,0.0,0.0,0.0,0.0,0.0,0.0,0.0,0.0,0.0,0.0,0.0,0.0,0.0,0.0,0.0,0.0,0.0,0.0,0.0
87394,5211636,Value-Up프로그램(신입),3604,2025년 Value-up프로그램 1일차 설문,,서술형,5003721,22,46012,[1일차] 교육을 수강하신 &#39;소감&#39;을 간략하게 전달 부탁드립니다.,0,회사에 비전에 대해 알 수 있었습니다,,,M,운영만족도,0,20300000000000.0,안심/신뢰,0.9219411611557007,긍정,0.0,0.0,0.0,0.0,0.0,0.0,0.0,0.0,0.0,0.0,0.0,0.0,0.0,0.0,0.0,0.0,0.0,0.0,0.0,0.0,0.0,0.0,0.0,0.0,0.0,0.0,0.0,0.0,0.0,0.0,0.0,0.0,0.0,0.0,0.0,0.0,0.0,0.0,0.0,0.0,0.0,0.0,0.0,0.0
87394,5211637,Value-Up프로그램(신입),3605,2025년 Value-up프로그램 2일차 설문,,서술형,5003508,37,46054,[2일차 전체] 교육을 수강하신 &#39;소감&#39;을 간략하게 전달 부탁드립니다.,0,재밌습니다,,,M,운영만족도,0,20300000000000.0,즐거움/신남,0.9389783143997192,긍정,0.0,0.0,0.0,0.0,0.0,0.0,0.0,0.0,0.0,0.0,0.0,0.0,0.0,0.0,0.0,0.0,0.0,0.0,0.0,0.0,0.0,0.0,0.0,0.0,0.0,0.0,0.0,0.0,0.0,0.0,0.0,0.0,0.0,0.0,0.0,0.0,0.0,0.0,0.0,0.0,0.0,0.0,0.0,0.0
87394,5211636,Value-Up프로그램(신입),3604,2025년 Value-up프로그램 1일차 설문,,서술형,5003515,22,46012,[1일차] 교육을 수강하신 &#39;소감&#39;을 간략하게 전달 부탁드립니다.,0,남은 4일차가 기대되는 첫 1일차이었음,,,M,운영만족도,0,20300000000000.0,기대감,0.9440556168556213,긍정,0.0,0.0,0.0,0.0,0.0,0.0,0.0,0.0,0.0,0.0,0.0,0.0,0.0,0.0,0.0,0.0,0.0,0.0,0.0,0.0,0.0,0.0,0.0,0.0,0.0,0.0,0.0,0.0,0.0,0.0,0.0,0.0,0.0,0.0,0.0,0.0,0.0,0.0,0.0,0.0,0.0,0.0,0.0,0.0
87394,5211640,Value-Up프로그램(신입),3615,2025년 Value-up프로그램 5일차 설문,,서술형,5003741,3,46193,[경영측 특강] 특강 수강 소감을 자유롭개 작성해 주시기 바랍니다.,0,신입사원이 가져야할 마인드를 알려주셔서 좋았다,,,E,과정만족도,0,20300000000000.0,고마움,0.8620724678039551,긍정,0.0,0.0,0.0,0.0,0.0,0.0,0.0,0.0,0.0,0.0,0.0,0.0,0.0,0.0,0.0,0.0,0.0,0.0,0.0,0.0,0.0,0.0,0.0,0.0,0.0,0.0,0.0,0.0,0.0,0.0,0.0,0.0,0.0,0.0,0.0,0.0,0.0,0.0,0.0,0.0,0.0,0.0,0.0,0.0
87394,5211639,Value-Up프로그램(신입),3612,2025년 Value-up프로그램 4일차 설문,,서술형,5003735,21,46158,[4일차 전체] 교육을 수강하신 &#39;소감&#39;을 간략하게 전달 부탁드립니다.,0,추억을 나누기 좋았습니다.,,,M,운영만족도,0,20300000000000.0,기쁨,0.9313697814941406,긍정,0.0,0.0,0.0,0.0,0.0,0.0,0.0,0.0,0.0,0.0,0.0,0.0,0.0,0.0,0.0,0.0,0.0,0.0,0.0,0.0,0.0,0.0,0.0,0.0,0.0,0.0,0.0,0.0,0.0,0.0,0.0,0.0,0.0,0.0,0.0,0.0,0.0,0.0,0.0,0.0,0.0,0.0,0.0,0.0
